-- phpMyAdmin SQL Dump
-- version 5.1.2
-- https://www.phpmyadmin.net/
--
-- Host: localhost:3306
-- Generation Time: May 09, 2024 at 06:03 AM
-- Server version: 5.7.24
-- PHP Version: 8.0.1

SET SQL_MODE = "NO_AUTO_VALUE_ON_ZERO";
START TRANSACTION;
SET time_zone = "+00:00";


/*!40101 SET @OLD_CHARACTER_SET_CLIENT=@@CHARACTER_SET_CLIENT */;
/*!40101 SET @OLD_CHARACTER_SET_RESULTS=@@CHARACTER_SET_RESULTS */;
/*!40101 SET @OLD_COLLATION_CONNECTION=@@COLLATION_CONNECTION */;
/*!40101 SET NAMES utf8mb4 */;

--
-- Database: `collab`
--

-- --------------------------------------------------------

--
-- Table structure for table `collaborator`
--

CREATE TABLE `collaborator` (
  `collaborator_id` int(200) NOT NULL,
  `first_name` varchar(25) DEFAULT NULL,
  `last_name` varchar(25) DEFAULT NULL,
  `title` varchar(100) DEFAULT NULL,
  `email` varchar(30) DEFAULT NULL,
  `keywords` varchar(4000) DEFAULT NULL,
  `description` varchar(4000) DEFAULT NULL,
  `active` bit(1) NOT NULL DEFAULT b'1' COMMENT 'used to define if entity is active. Default is TRUE'
) ENGINE=InnoDB DEFAULT CHARSET=utf8;

--
-- Dumping data for table `collaborator`
--

INSERT INTO `collaborator` (`collaborator_id`, `first_name`, `last_name`, `title`, `email`, `keywords`, `description`, `active`) VALUES
(3, 'testFirst', 'testLast', 'testTitle', 'test@g.com', NULL, 'test', b'1'),
(4, 'testFirst', 'testLast', 'testTitle', 'test@h.com', NULL, 'testDesc', b'1'),
(5, 'testFirst', 'testLast', 'testTitle', 'test@j.com', NULL, 'testDesc', b'1'),
(6, 'testFirst', 'testLast', 'testTitle', 'test@k.com', NULL, 'testDesc', b'1');

-- --------------------------------------------------------

--
-- Table structure for table `collaborator_keyword_relation`
--

CREATE TABLE `collaborator_keyword_relation` (
  `collaborator_id` int(200) NOT NULL,
  `keyword` varchar(767) NOT NULL
) ENGINE=InnoDB DEFAULT CHARSET=utf8;

--
-- Dumping data for table `collaborator_keyword_relation`
--

INSERT INTO `collaborator_keyword_relation` (`collaborator_id`, `keyword`) VALUES
(3, 'testKW'),
(4, 'testKW'),
(5, 'testKW'),
(6, 'testKW');

-- --------------------------------------------------------

--
-- Table structure for table `collaborator_tags`
--

CREATE TABLE `collaborator_tags` (
  `keyword` varchar(767) NOT NULL
) ENGINE=InnoDB DEFAULT CHARSET=utf8;

--
-- Dumping data for table `collaborator_tags`
--

INSERT INTO `collaborator_tags` (`keyword`) VALUES
('testKW');

-- --------------------------------------------------------

--
-- Table structure for table `collab_post`
--

CREATE TABLE `collab_post` (
  `post_id` int(11) NOT NULL,
  `collab_post_name` varchar(255) NOT NULL DEFAULT 'TITLE PLACE HOLDER',
  `collab_post_desc` varchar(4000) DEFAULT NULL,
  `faculty_id` int(200) DEFAULT NULL,
  `active` tinyint(1) NOT NULL DEFAULT '1' COMMENT 'used to define if entity is active. Default is TRUE'
) ENGINE=InnoDB DEFAULT CHARSET=utf8;

--
-- Dumping data for table `collab_post`
--

INSERT INTO `collab_post` (`post_id`, `collab_post_name`, `collab_post_desc`, `faculty_id`, `active`) VALUES
(3, 'vernal pool research and oak riparian environment', 'Students to conduct vernal pool research and possibly help set up an oak riparian environment.', 145, 1),
(4, 'improve my current classification system for meteorites', 'Id like to improve my current classification system for meteorites. I have a database of elemental abundances for different meteorite types (700+ entries) and need to classify unknowns. I currently use hierarchical clustering in Matlab, but would like to create a more advanced methodology.', 146, 1),
(23, 'testTitle', 'testDesc', NULL, 1);

-- --------------------------------------------------------

--
-- Table structure for table `collab_post_keyword_relation`
--

CREATE TABLE `collab_post_keyword_relation` (
  `post_id` int(11) NOT NULL,
  `keyword` varchar(767) NOT NULL
) ENGINE=InnoDB DEFAULT CHARSET=utf8;

--
-- Dumping data for table `collab_post_keyword_relation`
--

INSERT INTO `collab_post_keyword_relation` (`post_id`, `keyword`) VALUES
(4, 'advanced classification methodology'),
(4, 'elemental abundance'),
(4, 'hierarchical clustering'),
(4, 'imporve classification system'),
(4, 'matlab'),
(4, 'meteorites'),
(3, 'oak riparian environment'),
(3, 'vernal pool research');

-- --------------------------------------------------------

--
-- Table structure for table `collab_post_tags`
--

CREATE TABLE `collab_post_tags` (
  `keyword` varchar(767) NOT NULL
) ENGINE=InnoDB DEFAULT CHARSET=utf8;

--
-- Dumping data for table `collab_post_tags`
--

INSERT INTO `collab_post_tags` (`keyword`) VALUES
('advanced classification methodology'),
('elemental abundance'),
('hierarchical clustering'),
('imporve classification system'),
('matlab'),
('meteorites'),
('oak riparian environment'),
('testKW'),
('vernal pool research');

-- --------------------------------------------------------

--
-- Table structure for table `college`
--

CREATE TABLE `college` (
  `college_id` int(11) NOT NULL,
  `college_name` varchar(100) NOT NULL
) ENGINE=InnoDB DEFAULT CHARSET=utf8;

--
-- Dumping data for table `college`
--

INSERT INTO `college` (`college_id`, `college_name`) VALUES
(4, 'CEHHS: College of Education, Health and Human Services'),
(1, 'CHABSS: College of Humanities, Arts, Behavioral & Social Sciences'),
(2, 'CoBA: College of Business Administration'),
(3, 'CSTEM: College of Science, Technology, Engineering & Mathematics');

-- --------------------------------------------------------

--
-- Table structure for table `department`
--

CREATE TABLE `department` (
  `department_id` int(11) NOT NULL,
  `department_name` varchar(100) NOT NULL,
  `college_id` int(11) DEFAULT NULL
) ENGINE=InnoDB DEFAULT CHARSET=utf8;

--
-- Dumping data for table `department`
--

INSERT INTO `department` (`department_id`, `department_name`, `college_id`) VALUES
(1, 'Liberal Studies', 1),
(2, 'Literature & Writing Studies', 1),
(3, 'Economics', 1),
(4, 'Sociology', 1),
(5, 'Psychology', 1),
(6, 'College of Humanities, Arts, Behavioral & Social Sciences', 1),
(7, 'Women\'s, Gender, and Sexuality Studies', 1),
(8, ', Women\'s Gender and Sexuality Studies', 1),
(9, 'History', 1),
(10, 'Communication and Media Studies', 1),
(11, 'American Indian Studies', 1),
(12, 'Modern Language Studies', 1),
(13, 'Environmental Studies Program', 1),
(14, 'Operations and Supply Chain Management', 2),
(15, 'Marketing', 2),
(16, 'Biology', 3),
(17, 'Management Information Systems', 2),
(18, 'College of Business Administration', 2),
(19, 'Social Work', 4),
(20, 'Kinesiology', 4),
(21, 'Public Health', 4),
(22, 'Human Development', 4),
(23, 'College of Education, Health and Human Services', 4),
(24, 'School of Nursing', 4),
(25, 'School of Education', 4),
(26, 'Computer Science and Information Systems', 3),
(27, 'Physics', 3),
(28, 'Chemistry and Biochemistry', 3),
(29, 'Engineering Program', 3),
(30, 'Mathematics', 3),
(31, 'Biotechnology Program', 3),
(32, 'College of Science, Technology, Engineering & Mathematics', 3),
(33, 'Anthropology', 1);

-- --------------------------------------------------------

--
-- Table structure for table `faculty`
--

CREATE TABLE `faculty` (
  `user_id` int(200) NOT NULL,
  `first_name` varchar(25) DEFAULT NULL,
  `last_name` varchar(25) DEFAULT NULL,
  `title` varchar(100) DEFAULT NULL,
  `phone` varchar(14) DEFAULT NULL,
  `email` varchar(30) DEFAULT NULL,
  `office` varchar(50) DEFAULT NULL,
  `username` varchar(25) DEFAULT NULL,
  `keywords` varchar(4000) DEFAULT NULL,
  `department_id` int(11) DEFAULT NULL,
  `password` varchar(25) DEFAULT NULL,
  `research_collab` bit(1) NOT NULL DEFAULT b'1' COMMENT '-- available for research collaboration. \r\n-- default set to true ',
  `presentation` bit(1) NOT NULL DEFAULT b'1' COMMENT '-- available to give speach or presentation. \r\n-- default set to true ',
  `share_resource` bit(1) NOT NULL DEFAULT b'0' COMMENT 'has access to specialty tool, equipment, etc. \r\n-- default set to false. ',
  `description` varchar(4000) DEFAULT NULL,
  `collab_post` tinyint(1) NOT NULL DEFAULT '0' COMMENT 'describes if User has a collaboration post',
  `active` bit(1) NOT NULL DEFAULT b'1' COMMENT 'used to define if entity is active. Default is TRUE'
) ENGINE=InnoDB DEFAULT CHARSET=utf8;

--
-- Dumping data for table `faculty`
--

INSERT INTO `faculty` (`user_id`, `first_name`, `last_name`, `title`, `phone`, `email`, `office`, `username`, `keywords`, `department_id`, `password`, `research_collab`, `presentation`, `share_resource`, `description`, `collab_post`, `active`) VALUES
(1, 'Jocelyn', 'Ahlers', 'Professor', '(760) 750-8014', 'jahlers@csusm.edu', 'Social and Behavioral Science Building 4228', 'jahlers', 'Native California languages, Restoration Workshop, community language researchers, contemplative pedagogical practices, conversational language, dictionaries, gendered, grammars, identities, knitting community, language teaching materials, linguistic anthropologist, public identity work, semantic dictionary, semiotic resources', 1, NULL, b'1', b'1', b'0', NULL, 0, b'1'),
(2, 'Veronica', 'Anover', 'Professor', '(760) 750-4143', 'vanover@csusm.edu', 'Social and Behavioral Science Building 4104', 'vanover', 'Francophone culture, French grammar, Gender, cinema, composition, global simulations, grammar, pen, service learning, ular', 2, NULL, b'1', b'1', b'0', NULL, 0, b'1'),
(3, 'Roger', 'Arnold', 'Professor', '(760) 750-4077', 'rarnold@csusm.edu', 'Social and Behavioral Science Building 3126', 'rarnold', 'Banking, economic Theory, monetary theory, public choice theory', 3, NULL, b'1', b'1', b'0', NULL, 0, b'1'),
(4, 'Matthew', 'Atherton', 'Associate Professor', '(760) 750-8571', 'matherto@csusm.edu', 'Social and Behavioral Science Building 2242', 'matherto', 'Court Mediation Process, Criminology, Federal Courts, Gender, Hispanic Outcomes, Justice Studies, Latino student populations, Palomar Community College, Pennsylvania State University, Race, Restorative Justice, S, Social Behavioral Research Institute, Social Problems, Sociological Theory, State University, U, US, academic preparedness, court process, courts, criminological theory, criminology, demographics, financial concerns, higher education outcomes, inology, pedagogy, sentencing outcomes, stratification, student oriented service', 4, NULL, b'1', b'1', b'0', NULL, 0, b'1'),
(5, 'Nicoleta', 'Bateman', 'Department Chair', '(760) 750-8036', 'nbateman@csusm.edu', 'Social and Behavioral Science Building 4231', 'nbateman', 'Crosslinguistic Investigation, Differential Object Marking, English Grammar, Languages, Liberal Studies, Palatal, Romanian heritage speakers, Social Media, Standard English Challenge, bilingual first language acquisition, heritage language acquisition, linguistic diversity, linguistic universals, sound patterns, typology, variation', 1, NULL, b'1', b'1', b'0', NULL, 0, b'1'),
(6, 'Kristin', 'Bates', 'Professor', '(760) 750-8051', 'kbates@csusm.edu', 'Social and Behavioral Science Building 4203', 'kbates', 'Criminology, Economics, Justice Studies, Juvenile Delinquency, Lutheran University, Social Control, Social Justice, United States, bail decision making, civil gang injunctions, criminology, gendered social control, individual bonds, inology, juvenile justice system, ology, racial bias, social control, social justice', 4, NULL, b'1', b'1', b'0', NULL, 0, b'1'),
(7, 'Sara', 'Bufferd', 'Volunteer Researcher', '(760) 750-8066', 'sbufferd@csusm.edu', 'Social and Behavioral Science Building 3222', 'sbufferd', 'Academic, Award, Behavioral Phenotypes, Child Psychiatry, Internalizing, Stress Physiology, anxiety, clinical psychology, developmental psychopathology, mood dysregulation, parenting behavior, psychosocial functioning, stressors', 5, NULL, b'1', b'1', b'0', NULL, 0, b'1'),
(8, 'Dustin', 'Calvillo', 'Department Chair', '(760) 750-8577', 'dcalvill@csusm.edu', 'Social and Behavioral Science Building 3233', 'dcalvill', 'Cognitive Processes, Cognitive Psychology, Conference Presentations, Elaborative feedback, Professional Memberships, Reason, Visual attention, attentional blink, belief bias, cognitive reflection, eyewitness memory, faculty, fake news, false memory, hindsight bias, inattentional blindness, politically motivated reasoning', 5, NULL, b'1', b'1', b'0', NULL, 0, b'1'),
(9, 'Marisol', 'Clark-Ibanez', 'Department Chair', '(760) 750-4631', 'mibanez@csusm.edu', 'Social and Behavioral Science Building 4210', 'mibanez', 'Education, Educational Opportunity Program, Faculty Mentoring, National Latino Research Center, State University, Student Support Services, elders, empowerment, faculty development, immigration, incarceration, ology, social justice, student club, student mentoring, undocumented immigrants', 4, NULL, b'1', b'1', b'0', NULL, 0, b'1'),
(10, 'Daniel', 'Cooper', 'Lecturer', '(760) 750-4104', 'dcooper@csusm.edu', 'Social and Behavioral Science Building 4235', 'dcooper', 'Carib linguistic family, Coastal Miwok, Guiana Highlands, Indigenous communities, Johns Hopkins, North American social movements, Northern Amazonia, Pakaraima Mountains, Rupununi Savannah, South America, Studies, environmental anthropology, historical ecological landscape, historical ecology, missionary histories, political ecology, rewilding, spiritual ecology, syncretism, transfronterismo', 1, NULL, b'1', b'1', b'0', NULL, 0, b'1'),
(11, 'Kimberly', 'D\'Anna-Hernandez', 'Associate Professor', '(760) 750-8275', 'kdanna@csusm.edu', 'Social and Behavioral Science Building 3229', 'kdanna', 'Behavioral Neuroscience, Developmental Psychobiology Research Group, acculturation, behavioral neuroscience, iology, maternal behavior, mice, postdoctoral training, pregnant, psychosocial measures', 5, NULL, b'1', b'1', b'0', NULL, 0, b'1'),
(12, 'Haylee', 'DeLuca Bishop', 'Program Director, CHAD', '(760) 750-4200', 'hdelucab@csusm.edu', 'Social and Behavioral Science Building 4115', 'hdelucab', 'Adults, Dayton, Emerging Adulthood, General Psychology, Kent State University, Ohio State University, Personal Relationships, Sexual Behavior, adolescence, adolescents, college adjustment, college students, dating app use, family transition, foster care system, peer relationships, predictors, romantic partners, romantic relationships, sexual relationships, social development, social skills, young adulthood, young adults', 6, NULL, b'1', b'1', b'0', NULL, 0, b'1'),
(13, 'Sharon', 'Elise', 'Professor', '(760) 750-4165', 'selise@csusm.edu', 'Social and Behavioral Science Building 4202', 'selise', 'Black Studies, Black feminism, Critical Race Studies, Ethnic Studies, European Americans, History, Intersectionality, Teenage Motherhood, University, academic senate, critical race studies, faculty union, iculturalism, professional organizations, sociopoetics, ulum, women of color', 4, NULL, b'1', b'1', b'0', NULL, 0, b'1'),
(14, 'Karen', 'Glover', 'Professor', '(760) 750-4170', 'kglover@csusm.edu', 'Social and Behavioral Science Building 4208', 'kglover', 'Citizenship, Class, Crime Control, Critical Criminology, Hypersurveillance, Masculinities, Panoptic Governance, Public Policy, Race, Racial Profiling, Reverse Racism, Sexuality, Traffic Stops, War on Drugs, community colleges, criminal legal system, criminalization, critical criminology, critical immigration studies, critical police studies, critical race theory, ethnic studies, ism, qualitative methodology, racial profiling, racialization, sociology of knowledge, sociology of law', 4, NULL, b'1', b'1', b'0', NULL, 0, b'1'),
(15, 'Erica', 'Gold', 'Lecturer', '(760) 750-4104', 'egold@csusm.edu', 'Social and Behavioral Science Building 4235', 'egold', 'English Grammar, Forensic Phonetics, Forensic Speech Science, Speaker Recognition, forensic speaker identification, forensic speech science, forensics, hesitation markers, linguistic theory, phonetic variation, phonetics, social contexts, sociolinguistics, speaker recognition, speaking tempo, speech evidence, voice quality', 1, NULL, b'1', b'1', b'0', NULL, 0, b'1'),
(16, 'Alicia', 'Gonzales', 'Associate Professor', '(760) 750-4193', 'amgonzal@csusm.edu', 'Social and Behavioral Science Building 4216', 'amgonzal', 'Aging, CSUSM, aging, ethnicity, ethnogerontology, family, ology, race, statistics', 4, NULL, b'1', b'1', b'0', NULL, 0, b'1'),
(17, 'Aleksandria', 'Grabow', 'Assistant Professor', '(760) 750-8257', 'agrabow@csusm.edu', 'Social and Behavioral Science Building 3232', 'agrabow', 'Black Lives Matter Movement, Family Services, Healing Lab, Lab, Mental Health Study, Psychological Services, acute stress, behavioral outcomes, characteristics, collective trauma, developmental trauma, environmental contexts, holistic healing, media exposure, media violence exposure, mental health, rape crisis counselor, violence exposure', 5, NULL, b'1', b'1', b'0', NULL, 0, b'1'),
(18, 'Kit-Bacon', 'Gressitt', 'Lecturer', '(760) 750-8054', 'kgressitt@csusm.edu', 'Social and Behavioral Science Building 2222', 'kgressitt', 'Creative Writing, Gender, North County Times, Pop Culture, Sexual Identity, Sexuality Studies, Social Movements, Women\'s Studies, climate justice, creative writing, domestic violence, intersectional feminist journal, social activism', 7, NULL, b'1', b'1', b'0', NULL, 0, b'1'),
(19, 'Greig', 'Guthey', 'Professor', '(760) 750-8015', 'gguthey@csusm.edu', 'Social and Behavioral Science Building 4222B', 'gguthey', 'Urban Geography, community engagement, dairy, regional learning, skill development, sustainable development, sustainable economies, wine industry', 1, NULL, b'1', b'1', b'0', NULL, 0, b'1'),
(20, 'Mikee', 'Inton-Campbell', 'Assistant Professor', '(760) 750-6546', 'mintonc@csusm.edu', 'Social and Behavioral Science Building 4236', 'mintonc', 'Class, Gender, Intersex, Media, Philippines, Popular Culture, Race, Sexual Identity, Sexuality, Sexuality Studies, Southeast Asian cinema, TransPilipinas Anthology, Transsexual Women, musicals, opera, popular culture, queer representations, queerness, sex work, trans healthcare', 8, NULL, b'1', b'1', b'0', NULL, 0, b'1'),
(21, 'Sasha', 'Kimel', 'Assistant Professor', '(760) 750-8228', 'skimel@csusm.edu', 'Social and Behavioral Science Building 3214', 'skimel', 'Cognition Certificate, DNA Ancestry Tests, National University of Singapore, Public Policy, Social Psychology, United Nations, University, cultural psychologist, intergroup conflict, international conflict resolution, public policy', 5, NULL, b'1', b'1', b'0', NULL, 0, b'1'),
(22, 'Kimberley', 'Knowles-Yanez', 'Associate Dean of Faculty Development & Inclusion', '(760) 750-8056', 'kyanez@csusm.edu', 'Social and Behavioral Science Building 4115', 'kyanez', 'Border Studies, Children, Ethical Participation, Faculty Development, GIS, IS, Land Use Planning, New Orleans, Regional Planning, Social Justice, Social justice, United States, World Regional Geography, border pedagogy, border studies, ethical questions, youth participation', 6, NULL, b'1', b'1', b'0', NULL, 0, b'1'),
(23, 'Tihomir', 'Kostadinov', 'Associate Professor', '(760) 750-8226', 'tkostadinov@csusm.edu', 'Social and Behavioral Science Building 4115', 'tkostadinov', 'Behavioral Science, Climate Science, Earth System Science, Environmental Geography, Milankovitch cycles, Oceanography, Remote Sensing, Snow Science, biogeography, botany, climate change, conifer forests, cycles, data processing, forest ecology, modeling, ocean color remote sensing, ocean ecosystems, ography, paleoclimatology, plant systematics, positional astronomy, quantitative Earth System scientist, remote sensing, satellite algorithm, scientific and technical computing, scientific computing, snow remote sensing, vegetation remote sensing, visualization, visualizations', 1, NULL, b'1', b'1', b'0', NULL, 0, b'1'),
(24, 'Suzanna', 'Krivulskaya', 'Assistant Professor', '(760) 750-8089', 'skrivulskaya@csusm.edu', 'Markstein Hall 233', 'skrivulskaya', 'American Culture, American Protestantism, American Studies, Digital History, Gender, Gilded Age, History, Ideas, LCC International University, LGBTQ Religious Archives Network, LGBTQ Religious History, LGBTQ Rights, Oxford University Press, Progressive Era, Protestant sex scandals, Public Religion Research Institute, Religion, Religion Program, S, Sexuality Studies, Theology, U, United States, University of Notre Dame, Yale Divinity School, church bodies, cultural work, digital history, history, pastoral mis, press coverage', 9, NULL, b'1', b'1', b'0', NULL, 0, b'1'),
(25, 'Sheri-Lynn', 'Kurisu', 'Assistant Professor', '(760) 750-8233', 'skurisu@csusm.edu', 'Social and Behavioral Science Building 4212', 'skurisu', 'Action Research, Critical Criminology, Critical Race Theory, Curriculum Vitae, Illinois Danville Correctional Center, Mixed Methods Research, Zombie Sociology, mass incarceration, prison classroom', 4, NULL, b'1', b'1', b'0', NULL, 0, b'1'),
(26, 'Jodie', 'Lawston', 'Department Chair', '(760) 750-4623', 'jlawston@csusm.edu', 'Social and Behavioral Science Building 4234', 'jlawston', 'Mixed Status Families, News, Sexuality Studies, US Immigration Policy, health, immigrant detention, social activism', 7, NULL, b'1', b'1', b'0', NULL, 0, b'1'),
(27, 'Joonseong', 'Lee', 'Professor', '(760) 750-4134', 'jlee@csusm.edu', 'Social and Behavioral Science Building 2128', 'jlee', 'Arts, Buddhism, Buddhist monk, Continental philosophy, Cyber Memorial Zones, Digital Spirituality, Eastern philosophy, French postmodern philosophy, Governmentality, Koran shamanism, Korean Shamanism, Korean shamanism, Media Arts, Media Studies, Mediatization, Ohio University, San Francisco State University, TV Drama, Taoism, Teleritual, Territorialization, duality, media studies, mediatization, pop culture, religion, social movements', 10, NULL, b'1', b'1', b'0', NULL, 0, b'1'),
(28, 'Grant', 'Muagututia', 'Assistant Professor', '(760) 750-8093', 'gmuagututia@csusm.edu', 'Social and Behavioral Science Building 4227', 'gmuagututia', 'English Grammar, Language Acquisition, Polynesia, cultural maintenance, diasporic communities, ergative intervention, ergativity, heritage language, heritage language grammar, ingu, istics, language acquisition, language maintenance, linguistics, morphosyntax, pedagogy, performing arts, revitalization, syntactic description', 1, NULL, b'1', b'1', b'0', NULL, 0, b'1'),
(29, 'Janice', 'Phung', 'Assistant Professor', '(760) 750-8012', 'jphung@csusm.edu', 'Social and Behavioral Science Building 3240', 'jphung', 'Arts, Autism Spectrum Disorder, Conference Presentations, Ecology, Emotional Curriculum podcast, Executive Function, Executive Functioning, Mixed martial arts training, Social Behavior, Western Psychological Association, children, developmental psychologist, executive functioning, social functioning', 5, NULL, b'1', b'1', b'0', NULL, 0, b'1'),
(30, 'Darlene', 'Pina', 'Associate Professor', '(760) 750-4202', 'dpina@csusm.edu', 'Social and Behavioral Science Building 2236', 'dpina', 'Career Mentoring Program, Divorce, Domestic Violence Prevention, Family Therapy, Family Violence, Human Service Organizations, Remarriage, Social Welfare, Sociological Scholarship, career mentors, disease detection, medicalization, political economy, social service agencies', 4, NULL, b'1', b'1', b'0', NULL, 0, b'1'),
(31, 'Joely', 'Proudfit', 'Department Chair', '(760) 750-4619', 'jproudfi@csusm.edu', 'Social and Behavioral Science Building 1118', 'jproudfi', 'American Indian Education, American Indian Studies, American Indian studies, California Indian Culture, California Indian Sovereign Nations, California State University, Federal Indian Policy, Government, Indian Education, Issues, National Advisory Council, Northern Arizona University, Political Scientist, Public Administration, San Francisco State University, State University, Tribal Leadership, Tribal Sovereignty, ance, ignty, political science, public law, public policy', 11, NULL, b'1', b'1', b'0', NULL, 0, b'1'),
(32, 'Kimberley', 'Pulvers', 'Professor', '(760) 750-4127', 'kpulvers@csusm.edu', 'Social and Behavioral Science Building 3212', 'kpulvers', 'Clinical Health Psychology, Regulation, Structured Clinical Interviews, United States, addictive behaviors, behavior change, clinical health psychologist, college students, disease prevention, distress tolerance, dual use, electronic cigarettes, ethnic minority groups, filtered cigarettes, health disparities, health promotion, mental health, pain tolerance, positive psychology, psychiatric diagnostic supervisor, psychological factors, psychological risk factors, regulation, social models, stress, tobacco', 5, NULL, b'1', b'1', b'0', NULL, 0, b'1'),
(33, 'Kimber', 'Quinney', 'Associate Professor', '(760) 750-8178', 'kquinney@csusm.edu', 'Markstein Hall 252', 'kquinney', 'American Foreign Policy, American foreign relations, Citizenship, Field Practicum, Gaet, History, International Economics, International Studies, Italian Americans, Italian elections, Italy, Johns Hopkins University, Max Ascoli, Mazzini Society, Nitze School, Prospective History, Religion, United States, democracy, domestic politics, ethnicity, historian, history, immigrants', 9, NULL, b'1', b'1', b'0', NULL, 0, b'1'),
(34, 'Elizabeth', 'Ridder', 'Associate Professor', '(760) 750-8298', 'eridder@csusm.edu', 'Social and Behavioral Science Building 4229', 'eridder', 'Archaeozoology, Cypriot Native Plants, Environmental Geogarphy, Geographic Information Systems, Human landscape use, Mediterranean island, Middle Bronze village, Protected Areas, Southwest Asia, climate changes, community, conservation areas, feasting, modeling, s, species distribution, utility corridors, woody trees', 1, NULL, b'1', b'1', b'0', NULL, 0, b'1'),
(35, 'Bob', 'Roberts', 'Professor', '(760) 750-4148', 'broberts@csusm.edu', 'Social and Behavioral Science Building 4243', 'broberts', 'Human Development, Intergenerational family relationships, Mental Health, Public Policy, Social Theory, Sociological Mindfulness, Sociological Theory, Sociology, curriculum vit, discursive practices, disease detection, iquency Prevention Programs, parolee rehabilitation, personal development, social psychology, social theory, ulum', 4, NULL, b'1', b'1', b'0', NULL, 0, b'1'),
(36, 'Silvia', 'Rolle-Rissetto', 'Department Chair, CHABSS Modern Language Studies & Acting Department Chair', '(760) 750-4115', 'srolle@csusm.edu', 'Markstein Hall 225', 'srolle', 'Applied Linguistics, Creative Writing, Hispanic literature, Latin American Literature, Modern Language Studies, Peninsular Literature, Second Language Acquisition, Translation Studies', 12, NULL, b'1', b'1', b'0', NULL, 0, b'1'),
(37, 'Xuan', 'Santos', 'Associate Professor', '(760) 750-8031', 'xsantos@csusm.edu', 'Social and Behavioral Science Building 4206', 'xsantos', 'Barrio Criminology, Barrio Popular Culture, Boyle Heights, Dia de Los Muertos, Gangs, Global Capitalism, Immigration, Informal Economy, Justice Studies, North San Diego Community, Public Sociology, Sociological Association, Tattooing, college campuses, high schools, keynote presentations, middle schools, mural projects, teaching philosophy', 4, NULL, b'1', b'1', b'0', NULL, 0, b'1'),
(38, 'Rich', 'Schultz', 'Lecturer', '(760) 750-4104', 'rschultz@csusm.edu', 'Social and Behavioral Science Building 4235', 'rschultz', 'Baseball, Border Identities, Border Water Conflicts, Critical Education, Fitness Information Technology, History, Latin American Studies, Liberal Studies, Mexico, Migration Studies, Porfirian Mexico, Social SciencesMA, Tarahumara Resistance, baseball, baseball industry, history, indigenous resistance', 1, NULL, b'1', b'1', b'0', NULL, 0, b'1'),
(39, 'Alyssa', 'Sepinwall', 'Professor', '(760) 750-8053', 'sepinwal@csusm.edu', 'Markstein Hall 251', 'sepinwal', 'French Revolution, French colonialism, Haitian Studies Association, Haitian history, Historical Association, Revolution, State University, Studies, University Press of Mississippi, Video Games, gender, intellectual history, political philosophy, video games', 9, NULL, b'1', b'1', b'0', NULL, 0, b'1'),
(40, 'Adam', 'Shapiro', 'Professor', '(760) 750-8291', 'ashapiro@csusm.edu', 'Social and Behavioral Science Building 2229', 'ashapiro', 'cumulative marital trajectories, family formation, family processes, individual health, intergenerational relations, marital transitions, marriage, multiple family members, older adults, population aging, quality of life, union dissolution', 4, NULL, b'1', b'1', b'0', NULL, 0, b'1'),
(41, 'Leonardo', 'Silva', 'Assistant Professor', '(760) 750-6551', 'lsilva@csusm.edu', 'Markstein Hall 237', 'lsilva', 'African Diaspora Studies, Association, Brazil, History, LGBTQ, Latin American Literature, Modern Language Studies, Paraguayan Illustrated Press, Staff Association, State University, War of the Triple Alliance, information gaps, social participation, women', 12, NULL, b'1', b'1', b'0', NULL, 0, b'1'),
(42, 'Theresa', 'Suarez', 'Associate Professor', '(760) 750-4126', 'tsuarez@csusm.edu', 'Social and Behavioral Science Building 4205', 'tsuarez', 'Affirmative Action, Asia, Asian American Studies, Critical Race Studies, Educational Opportunity Programs, Ethnic Studies, Ethnicity, Faith, Family, Filipino American Community Life, Filipino Masculinity, GIS, Gender, IS, Migration, Nationalism, Postcolonial Studies, Religion, Transnational Studies, University, family, gender, migration, militarization, racial', 4, NULL, b'1', b'1', b'0', NULL, 0, b'1'),
(43, 'Richelle', 'Swan', 'Professor', '(760) 750-4633', 'rswan@csusm.edu', 'Social and Behavioral Science Building 4218', 'rswan', 'Arizona State University, Crime, Criminology, Justice Studies, Juvenile Delinquency, Latino Immigrants, Media, Popular Culture, United States, faculty, gang injunction laws, graduate program, juvenile delinquency, legal consciousness, popular culture, problem solving courts, restorative justice, social constructions, social justice movements, students, undocumented young adults, welfare fraud diversion', 4, NULL, b'1', b'1', b'0', NULL, 0, b'1'),
(44, 'Jonathan', 'Trinidad', 'Assistant Professor', '(760) 750-6558', 'jtrinidad@csusm.edu', 'Social and Behavioral Science Building 4204', 'jtrinidad', 'Curriculum Vit, Soci, academia, academic performance, bias, campus climate, discrimination, microaggressions, student', 4, NULL, b'1', b'1', b'0', NULL, 0, b'1'),
(45, 'Gabriel', 'Valle', 'Associate Professor', '(760) 750-8586', 'gvalle@csusm.edu', 'Social and Behavioral Science Building 4235', 'gvalle', 'Class Politics, Convivial Labor, Home kitchen gardens, Lake Tahoe, Latinx Studies, Mexican American Studies, Neoliberal Neglect, critical ethnic studies, environmental anthropology, environmental justice, home kitchen gardens, moral economy, sustainability', 13, NULL, b'1', b'1', b'0', NULL, 0, b'1'),
(46, 'Kimberly', 'Vanderbilt', 'Associate Professor', '(760) 750-8554', 'kvanderbilt@csusm.edu', 'Social and Behavioral Science Building 3226', 'kvanderbilt', 'children, cognitive abilities, critical social skill, deceptive sources, inhibitory control, mental states, microorganisms, national history, reasoning, selective trust, skepticism, social cognitive development, social life, theory of mind, undergraduate training, unreliable sources', 5, NULL, b'1', b'1', b'0', NULL, 0, b'1'),
(47, 'Heidi', 'Waltz', 'Lecturer', '(760) 750-4104', 'hwaltz@csusm.edu', 'Social and Behavioral Science Building 4235', 'hwaltz', 'Germanic Linguistics, Heritage Language Acquisition, Syntactic variation, emotion', 1, NULL, b'1', b'1', b'0', NULL, 0, b'1'),
(48, 'Jill', 'Weigt', 'Professor', '(760) 750-4178', 'jweigt@csusm.edu', 'Social and Behavioral Science Building 2244', 'jweigt', 'Heterosexual Partnering, Social Organization, United States, Welfare Reform, welfare reform', 4, NULL, b'1', b'1', b'0', NULL, 0, b'1'),
(49, 'Carrick', 'Williams', 'Associate Professor', '(760) 750-8295', 'cawilliams@csusm.edu', 'Social and Behavioral Science Building 3205', 'cawilliams', 'Cognitive Psychology, Eye movement Control, Face memory, Visual Memory, computer, eye movement monitoring, memory tests, performance measures, visual memory, visual representations, visual search', 5, NULL, b'1', b'1', b'0', NULL, 0, b'1'),
(50, 'Natalie', 'Wilson', 'Lecturer', '(760) 750-8054', 'nwilson@csusm.edu', 'Social and Behavioral Science Building 2222', 'nwilson', 'Popular Culture, Reproductive, Sexual Identity, Sexuality Studies, feminist pedagogy, film studies, horror films, intersectional analysis, literary theory, monster studies, popular culture, s literature, women', 7, NULL, b'1', b'1', b'0', NULL, 0, b'1'),
(51, 'Antonio', 'Zaldivar', 'Department Chair', '(760) 750-8293', 'azaldivar@csusm.edu', 'Markstein Hall 232', 'azaldivar', 'Castilian Chancery, Iberian Peninsula, Mediterranean, Middle Ages, beria, cancillerías, history, western Mediterranean', 9, NULL, b'1', b'1', b'0', NULL, 0, b'1'),
(52, 'Armaghan', 'Ziaee', 'Assistant Professor', '(760) 750-6554', 'aziaee@csusm.edu', 'Social and Behavioral Science Building 4241', 'aziaee', 'Architectural History, Middle East, Sexuality Studies, Studies, Transnational Feminisms, decolonial studies, diverse student populations, intersectional methods, pedagogy, transnational feminisms, womanist', 7, NULL, b'1', b'1', b'0', NULL, 0, b'1'),
(53, 'Robert', 'Aboolian', 'Professor', '(760) 750-4221', 'raboolia@csusm.edu', 'Markstein Hall 456A', 'raboolia', 'Business Forecasting, Business Statistics, Congestion, Consumer Choice, Decision Models, Facilities, Immobile Servers, Industrial Engineering, Inventory Planning, Location of Competitive Facilities, Naval Research Logistics, Nonlinear Integer Programming, Online Game System Design, Operations Management, Preventive Health Care System Design, Pricing, Project Management, Revenue Management, Reverse Logistics, Service System Design, Stochastic Demand, Supply Chain Management, Supply Chain Network Design, Systems, Web Services Planning, industrial Engineer', 14, NULL, b'1', b'1', b'0', NULL, 0, b'1'),
(54, 'Hedayat', 'Alibeiki', 'Associate Professor', '(760) 750-8218', 'halibeiki@csusm.edu', 'Markstein Hall 454', 'halibeiki', 'Credibility, Economics, Empirical Operations Management, Fulfillment Planning, Game Theory, Healthcare Analytics, INFORMS, Information Sharing, Management, Market dominance, McGill University, Mechanism Design, Motivations, OM, Operations, Operations Management, Procurement Management, Quality Scores, Retail Assortment, Retail power, Society, Supply Chain Management, Supply Competition, assortment decisions, data specialist, product cost advantage', 14, NULL, b'1', b'1', b'0', NULL, 0, b'1'),
(55, 'Glen', 'Brodowsky', 'Professor', '(760) 750-4261', 'glenbrod@csusm.edu', 'Markstein Hall 331', 'glenbrod', 'Chinese Studies, Imposter Judgments, Luxury Status Signaling, National Taiwan University, consumer behavior, global marketing, global marketing strategy, luxury marketing, marketing, marketing pedagogy, product choice, structural equations modeling, survey research methods', 15, NULL, b'1', b'1', b'0', NULL, 0, b'1'),
(56, 'Matthew', 'Escobar', 'Professor', '(760) 750-8083', 'mescobar@csusm.edu', 'Science Hall 2 123', 'mescobar', 'Biology, Genomics, Microbial Community Composition, Molecular Cell Biology, Student Attitudes, a, alternative respiratory pathways, biofuels, crown gall disease, il Ecology, plant biotechnology, th', 16, NULL, b'1', b'1', b'0', NULL, 0, b'1'),
(57, 'Yuzhang', 'Han', 'Assistant Professor', '(760) 750-4576', 'yhan@csusm.edu', 'Markstein Hall 338', 'yhan', 'Hadoop, Management Information Systems, Spark, algorithmic ethics, artificial intelligence, big data analytics, child protection, cloud computing, cyber security, fairness, machine learning, management information systems, misinformation, social media, social welfare', 17, NULL, b'1', b'1', b'0', NULL, 0, b'1'),
(58, 'Majid', 'Karimi', 'Associate Professor', '(760) 750-8219', 'mkarimi@csusm.edu', 'Markstein Hall 442', 'mkarimi', 'Business Analytics, Conference, Continuous Double Auctions, Corporate Prediction Markets, Decision Analysis, Decision Support Systems, Information Systems, Market Scoring Rules, Price Discovery, Public Facilities, Supply Chain Management, Transportation Science, artificial intelligence, data sciences, forecasting, mathematical optimization, operations management, predictive analytics', 14, NULL, b'1', b'1', b'0', NULL, 0, b'1'),
(59, 'Chetan', 'Kumar', 'Associate Professor', '(760) 750-4207', 'ckumar@csusm.edu', 'Markstein Hall 444', 'ckumar', 'Analytics, Data, Health, Information Systems, Management, Operations Management, Performance Evaluation, Pricing, Primary Care Appointment Systems, Proxy Caches, Resource Allocation, Security, State of the Art, Systems, Technology Management, Website Requests, cloud computing networks, ision Support Systems, load balancing mechanism', 17, NULL, b'1', b'1', b'0', NULL, 0, b'1'),
(60, 'Mohammad', 'Oskoorouchi', 'Associate Dean', '(760) 750-4219', 'moskooro@csusm.edu', 'Markstein Hall 422', 'moskooro', 'Analytic center cutting plane method, Interior point methods, Large scale optimization, Newton method, Nondifferentiable optimization, analytic center cutting plane method, conic optimization, healthcare application, interior point constraint generation algorithm, trust region', 18, NULL, b'1', b'1', b'0', NULL, 0, b'1'),
(61, 'Rebeca', 'Perren', 'Associate Professor', '(760) 750-8568', 'rperren@csusm.edu', 'Markstein Hall 432', 'rperren', 'Advisory Council, Faculty Innovation, Hispanic Excellence, Marketing Doctoral Student Association, Marketing Ethnic Faculty Association, Promotion Management, brokerage sector, experiential learning program, financial advisors, higher education, skydiving industry', 15, NULL, b'1', b'1', b'0', NULL, 0, b'1'),
(62, 'Kristin', 'Stewart', 'Associate Professor', '(760) 750-4218', 'kstewart@csusm.edu', 'Markstein Hall 428', 'kstewart', 'ANOVA, Consumer Marketing, Consumer Technology Interactions, Curric, Marketing Communication Effects, Pedagogy, Prosocial Marketing, Public Relations, advertising, cognitive processes, consumer behavior, consumer psychology, digital marketing, information processing, prosocial marketing, purchase behavior', 15, NULL, b'1', b'1', b'0', NULL, 0, b'1'),
(63, 'Nima', 'Zaerpour', 'Department Chair', '(760) 750-4272', 'nzaerpour@csusm.edu', 'Markstein Hall 446', 'nzaerpour', 'Business Analytics, Facility Logistics Management, IISE Transactions, ISE Transactions, OMEGA, Operations Management, Pod Retrieval, Robot Scheduling, Robotic Mobile Fulfillment System, Social Media, Supply Chain Management, Terminal Operations Management, Warehousing Decision Support tools', 14, NULL, b'1', b'1', b'0', NULL, 0, b'1'),
(64, 'Lynn', 'Amabile', 'IV-E Child Welfare Instructor', '(760) 750-7373', 'lamabile@csusm.edu', 'Extended Learning Building 625', 'lamabile', 'Adoptions, CE, Child Abuse Hotline, Child Abuse Investigations, Child Welfare Services, Child Welfare Social Workers, secondary trauma', 19, NULL, b'1', b'1', b'0', NULL, 0, b'1'),
(65, 'Richard', 'Armenta', 'Assistant Professor', '(760) 750-7364', 'rarmenta@csusm.edu', 'University Hall 306', 'rarmenta', 'California Native American Research Centers, Kinesiology, Native American students, Psychology, Student Development Program, diabetes, health disparities, high, infectious disease transmission prevention, obesity prevention, substance abuse', 20, NULL, b'1', b'1', b'0', NULL, 0, b'1'),
(66, 'Todd', 'Astorino', 'Professor', '(760) 750-7351', 'astorino@csusm.edu', 'University Hall 320', 'astorino', 'Exercise Nutrition, Exercise Physiology, Exercise Prescription, HIIT, Stress Testing, accumulated exercise, cardiorespiratory fitness, chronic disease, fat utilization, high intensity interval training, men, metabolic responses, public health guidelines, sedentary individuals, spinal cord injury, women', 20, NULL, b'1', b'1', b'0', NULL, 0, b'1'),
(67, 'Lisa', 'Bandong', 'Internship Coordinator', '(760) 750-4083', 'lbandong@csusm.edu', 'Extended Learning Building 505', 'lbandong', 'Disease Prevention, Internship Coordinator, Prenatal Yoga Teacher, Registered, Stage Management, endocrine disorder, lactation supportive environments, maternal child health, polycystic ovarian syndrome, prenatal yoga', 21, NULL, b'1', b'1', b'0', NULL, 0, b'1'),
(68, 'Rodney', 'Beaulieu', 'Lecturer', '(760) 750-4118', 'rbeaulieu@csusm.edu', 'University Hall 327', 'rbeaulieu', 'Action Research Network, Alaska Natives, American Indian Education, American Indian Studies, California Local Control Funding Formula, Character Education, Educational Psychology, Finance, Human Services, Psychology, Public Health, Volunteer service, action research theory, computer science, educational administration, fall preventation education program, family wealth, finance, food banks, fundraising, health science, hotline intervention, human development, methods, organizational development consulting, organizational studies, psychology, school accountability', 22, NULL, b'1', b'1', b'0', NULL, 0, b'1'),
(69, 'Blake', 'Beecher', 'Department Chair', '(760) 750-8520', 'bbeecher@csusm.edu', 'Extended Learning Building 630', 'bbeecher', 'LCSW, MSW, academia, addictions, aging, child welfare, community engagement, gambling, healthcare settings, problem gambling, resilience, rural behavioral health agencies, state psychiatric hospital, trauma, treatment mall', 19, NULL, b'1', b'1', b'0', NULL, 0, b'1'),
(70, 'Marianna', 'Corona', 'Lecturer', '(760) 750-7373', 'mcorona@csusm.edu', 'Extended Learning Building 625', 'mcorona', 'CEHHS, Social Welfare, Social Work, capacity development, community grounded leaders, domestic violence, mental health, program development, program evaluation, strategic planning, technical assistance, trauma', 19, NULL, b'1', b'1', b'0', NULL, 0, b'1'),
(71, 'Tracy', 'Daly', 'Lecturer', '(760) 750-4118', 'tdaly@csusm.edu', 'University Hall 322', 'tdaly', 'American Dietetic Association, Chicago Medical School, Gem, Kinesiology, MedGem, Nutrition Education, Pilates instructor, Registration, college health, imeter, ines, irect Calorimeter, private practice patients, yoga', 20, NULL, b'1', b'1', b'0', NULL, 0, b'1'),
(72, 'Laura', 'Dill', 'Lecturer', '(760) 750-4118', 'ldill@csusm.edu', 'University Hall 322', 'ldill', 'Athletic Injuries, Cincinnati, Curriculum, Exercise Fitness, Kinesiology, Movement Anatomy, Ohio University, University, multiple athletic training setting', 20, NULL, b'1', b'1', b'0', NULL, 0, b'1'),
(73, 'Rachael', 'Dombrowski', 'Assistant Professor', '(760) 750-4296', 'rdombrowski@csusm.edu', 'Extended Learning Building 503', 'rdombrowski', 'Community Impact, Great Grocer Project, Wayne State University, community health, corner stores, grocery stores, multilevel interventions, of Education Community Health program, public health, social justice', 21, NULL, b'1', b'1', b'0', NULL, 0, b'1'),
(74, 'Deborah', 'Feairheller', 'Assistant Professor', '(760) 750-4118', 'dfeairheller@csusm.edu', 'University Hall 318', 'dfeairheller', 'American Heart Association, Clinical Cardiac Program, Endothelial function, Federal Health Professionals, HEART, National Fire Protection Association, Resistance Training, Sports Medicine, Telehealth, cardiac patients, cardiovascular disorders, certified trainer, chronic disease management, community members, community seminars, endothelial adaptations, ension, health technology assessments, heart, ing Association, integrative physiologist, interventions, modifiable risk factors, obesity, oxidative stress mechanisms, performance nutrition specialist, phlebotomist, quality assurance, regulatory support, remote wellness modules, telehealth, weightlifting coach', 20, NULL, b'1', b'1', b'0', NULL, 0, b'1'),
(75, 'Jeannine', 'Guarino', 'Director of Field Education', '(760) 750-7378', 'jguarino@csusm.edu', 'Extended Learning Building 629', 'jguarino', 'adult protective services, child welfare, probation', 19, NULL, b'1', b'1', b'0', NULL, 0, b'1'),
(76, 'Christina', 'Holub', 'Department Chair', '(760) 750-8498', 'cholub@csusm.edu', 'Extended Learning Building 502', 'cholub', 'American Cancer Society, Community Health, Epidemiology, Health Disparities, Health Disparities Program, National Cancer Institute, National Pacific American Leadership Institute, Pacific, Pacific Islander Community Health Study, San Diego State University, behavioral sciences, cultural adaptation, disparities, health promotion interventions, minority communities, obesity prevention, pilot exercise study, pilot study', 21, NULL, b'1', b'1', b'0', NULL, 0, b'1'),
(77, 'Lorene', 'Ibbetson-Flanagan', 'IV-E Project Coordinator', '(760) 750-7376', 'libbetson@csusm.edu', 'Extended Learning Building 628', 'libbetson', 'CE, Social Work, adolescents, ally, child welfare, children, compassion, empathy, foster youth, graduate students, homeless adults, mental health, resilience, social work, veterans', 19, NULL, b'1', b'1', b'0', NULL, 0, b'1'),
(78, 'Devin', 'Jindrich', 'Associate Professor', '(760) 750-7334', 'djindrich@csusm.edu', 'University Hall 310', 'djindrich', 'Integrative Biology, Integrative Motor Behavior, Kinesiology, biome, biomedical applications, biomedicine, comparative biomechanics, effective therapies, humans, injury risk, insects, motor control, motor function, multitouch computer input devices, multitouch gestures, musculoskeletal design, neuromechanical principles, neuromechanical techniques, neuromechanics, neuromotor injury, occupational environment, ome, physiology, primate animal models, public health, rapid locomotion, technological interventions', 20, NULL, b'1', b'1', b'0', NULL, 0, b'1'),
(79, 'Randy', 'Kasper', 'Lecturer', '(760) 750-7373', 'rkasper@csusm.edu', 'Extended Learning Building 625', 'rkasper', 'Alliant International University, Licensed Clinical Social Worker, addiction, domestic violence, employee assistance, family issues', 19, NULL, b'1', b'1', b'0', NULL, 0, b'1'),
(80, 'Tasha', 'Keyes', 'Assistant Professor', '(760) 750-7373', 'tkeyes@csusm.edu', 'Extended Learning Building 632', 'tkeyes', 'Child Protective Services, high school students, medical social worker, restorative justice, rural school district, tribal communities', 19, NULL, b'1', b'1', b'0', NULL, 0, b'1'),
(81, 'Sharon', 'Kim', 'Lecturer', '(760) 750-7373', 'skim@csusm.edu', 'Extended Learning Building 625', 'skim', 'CE, HS, Work, hospital settings, social work students', 19, NULL, b'1', b'1', b'0', NULL, 0, b'1'),
(82, 'Deborah', 'Kristan', 'Associate Dean', '(760) 750-8524', 'dkristan@csusm.edu', 'University Hall 407', 'dkristan', 'Heligmos, Heligmosomoides bakeri, Hymenolepis microstoma coinfection, Rapamycin, aging, biology, caloric restriction, chronic parasite infection, cold exposure, domestication, ides baker, lactation, life history, longevity, morphology, physiological ecology, physiology', 23, NULL, b'1', b'1', b'0', NULL, 0, b'1'),
(83, 'Madeline', 'Lee', 'Associate Professor', '(760) 750-7380', 'mlee@csusm.edu', 'Extended Learning Building 634', 'mlee', 'CEH, Social Work, child welfare, children, mental health, special education systems', 19, NULL, b'1', b'1', b'0', NULL, 0, b'1'),
(84, 'Stephanie', 'Ly', 'Adjunct Faculty', '(760) 750-7373', 'sly@csusm.edu', 'Extended Learning Building 501', 'sly', 'Policy Analysis Center, UNICEF, child development, child stunting, environmental risk factors, environmental sustainability, global health, social justice, urban policy, women\'s health', 21, NULL, b'1', b'1', b'0', NULL, 0, b'1'),
(85, 'Vincent', 'Marquez', 'Lecturer', '(760) 750-7373', 'vmarquez@csusm.edu', 'Extended Learning Building 625', 'vmarquez', 'Licensed Clinical Social Worker, PTSD recovery, childhood trauma, combat veterans, graduate students, mental health, sexual assault, traumatic stress', 19, NULL, b'1', b'1', b'0', NULL, 0, b'1'),
(86, 'Chuck', 'Matthews', 'Adjunct Faculty', '(760) 750-4295', 'cematthews@csusm.edu', 'Extended Learning Building 501', 'cematthews', 'HS, North County, Public Health, binational health issues, child welfare services, community health, family resource centers, mental health, public health centers, social services', 21, NULL, b'1', b'1', b'0', NULL, 0, b'1'),
(87, 'Jeff', 'Nessler', 'Professor', '(760) 750-7352', 'jnessler@csusm.edu', 'University Hall 407', 'jnessler', 'Biomechanics, Health Promotion, Human Movement, Kinesiology, Learning, Motor Control, Movement Anatomy, Pepperdine University, Sports Medicine, Statistics, University, board volume, human, human walking, ines, neurological disease, prone padd, rehabilitation, robotic devices, setting', 20, NULL, b'1', b'1', b'0', NULL, 0, b'1'),
(88, 'Sean', 'Newcomer', 'Department Chair', '(760) 750-7359', 'snewcomer@csusm.edu', 'University Hall 304', 'snewcomer', 'Exercise Physiology, Movement Sciences, Phys', 20, NULL, b'1', b'1', b'0', NULL, 0, b'1'),
(89, 'Esther', 'Ortiz-Stuhr', 'Lecturer', '(760) 750-4118', 'eortiz@csusm.edu', 'University Hall 318', 'eortiz', 'CPR, Kinesiology, Teamb, University, ed Physical Education, iential', 20, NULL, b'1', b'1', b'0', NULL, 0, b'1'),
(90, 'Katie', 'Robinson', 'Assistant Professor', '(760) 750-6531', 'krobinson@csusm.edu', 'University Hall 344', 'krobinson', 'Executive Nurse, Executive Nurse Leadership, community health nursing, health disparities, spiritual distress risk screening', 24, NULL, b'1', b'1', b'0', NULL, 0, b'1'),
(91, 'Devan', 'Romero', 'Associate Professor', '(760) 750-8259', 'dromero@csusm.edu', 'University Hall 314', 'dromero', 'US, ines', 20, NULL, b'1', b'1', b'0', NULL, 0, b'1'),
(92, 'Asherlev', 'Santos', 'Associate Professor', '(760) 750-8496', 'asantos@csusm.edu', 'Extended Learning Building 504', 'asantos', 'Brazil, Global Health, HIV Prevention Health Planner, International Studies, LGBT Community Center, Pan Asian Communities, Public Health, Public Health Services, UPAC, World Health Organization, academic training, health diplomacy, ities', 21, NULL, b'1', b'1', b'0', NULL, 0, b'1'),
(93, 'Deanna', 'Schmidt', 'Associate Professor', '(760) 750-7358', 'djschmidt@csusm.edu', 'University Hall 316', 'djschmidt', 'College Physical Education, Engineering, Engineering Mechanics, Gait Timing, High School, Kendama, Kinesiology, Mechanical Engineering, Mechanics, Motor Learning, Physical Education, Stanford University, University, Upper limb biomechanics, backpack carriage, backpack load carriage, backpack palsy, biomechanics, ergonomic design, grip strength, human computer interaction, human movement, kinematics, kinetics, medical imaging, motor control, musculoskeletal mechanics, nerve compression injury, performance measures, pinch strength, quantitative analysis, touchscreen interaction, upper limb function, upper limb nerve conduction', 20, NULL, b'1', b'1', b'0', NULL, 0, b'1'),
(94, 'Matthew', 'Schubert', 'Associate Professor', '(760) 750-7362', 'mschubert@csusm.edu', 'University Hall 326', 'mschubert', 'Kansas Medical Center, University, Weight Management, distance running, exercise physiology, weight management', 20, NULL, b'1', b'1', b'0', NULL, 0, b'1'),
(95, 'Sinem', 'Siyahhan', 'Associate Professor', '(760) 750-8286', 'ssiyahhan@csusm.edu', 'University Hall 426', 'ssiyahhan', 'English, English Language Arts, Indiana University, Reading, Teacher Licensure Program, educational video games', 25, NULL, b'1', b'1', b'0', NULL, 0, b'1'),
(96, 'Shellye', 'Sledge', 'Assistant Professor', '(760) 750-7373', 'ssledge@csusm.edu', 'Extended Learning Building 631', 'ssledge', 'Certified Employee Assistance Professional, Licensed Clinical Social Worker, Norfolk, Social Determinants of Health, University, cultural strengths, social welfare policies, structural racism', 19, NULL, b'1', b'1', b'0', NULL, 0, b'1'),
(97, 'Paul', 'Stuhr', 'Professor', '(760) 750-7357', 'pstuhr@csusm.edu', 'University Hall 318', 'pstuhr', 'Kinesiology, education, emotional learning, mindfulness, reflection, reflective practices, sport pedagogy', 20, NULL, b'1', b'1', b'0', NULL, 0, b'1'),
(98, 'Tumay', 'Tunur', 'Associate Professor', '(760) 750-7363', 'ttunur@csusm.edu', 'University Hall 328', 'ttunur', 'Kinesiology, Virtual Reality, cognitive rehabilitation, inesiology, level courses, otion, undergraduate education, virtual environments', 20, NULL, b'1', b'1', b'0', NULL, 0, b'1'),
(99, 'Jimmy', 'Young', 'Associate Professor', '(760) 750-8540', 'jyoung@csusm.edu', 'Extended Learning Building 635', 'jyoung', 'Child Sexual Abuse, Child Sexual Abuse Prevention, Eastern Washington University, Elementary Schools, Social Work Futures Lab, Virginia Commonwealth University, homelessness, mental health, nonprofit administration, program evaluation, social work education, substance use services, teaching', 19, NULL, b'1', b'1', b'0', NULL, 0, b'1'),
(100, 'Ali', 'Ahmadinia', 'Department Chair', '(760) 750-8502', 'aahmadinia@csusm.edu', 'Science Hall 2 315', 'aahmadinia', 'Architecture, Digital Embedded Systems, Embedded Systems, Information Systems, Internet of Things, Secure Features, Systems, embedded systems, reconfigurable computing', 26, NULL, b'1', b'1', b'0', NULL, 0, b'1'),
(101, 'Tracey', 'Brown', 'Professor', '(760) 750-8017', 'traceyb@csusm.edu', 'Science Hall 1 318', 'traceyb', 'B, Beck, Institute, North County Bridges, Program, Student Success Coaching, US, diet ecology, foraging mode, habitat change, habitat disturbance, horned lizards, introduced species, physiological ecology, rattlesnakes, reptile biology, reptile species, ureate Program, vertebrates', 16, NULL, b'1', b'1', b'0', NULL, 0, b'1'),
(102, 'George', 'Brusch', 'Assistant Professor', '(760) 750-6537', 'gbrusch@csusm.edu', 'Science Hall 1 304', 'gbrusch', 'Arizona State University, CSUSM, Corticosterone, US, dehydration, elevation gradient, frogs, immune responses, lizards, microhabitats, nocturnal warming, snakes, squamate reptiles', 16, NULL, b'1', b'1', b'0', NULL, 0, b'1'),
(103, 'Michael', 'Burin', 'Professor', '(760) 750-8575', 'mburin@csusm.edu', 'Science Hall 2 217', 'mburin', 'Research Images, Turbulence, astrophysics, conference proceedings, geophysics, oceanography, turbulence', 27, NULL, b'1', b'1', b'0', NULL, 0, b'1'),
(104, 'Erika', 'Diaz Almeyda', 'Assistant Professor', '(760) 750-8250', 'ediazalmeyda@csusm.edu', 'Science Hall 2 115', 'ediazalmeyda', 'Climate change, Coastal Microbial Ecology, Florida Keys, Florida Microbiome Project, Indigenous communities, Marcos, Marine Laboratory, May, Mesoamerican Barrier Reef, Mesoamerican Barrier Reef System, Pacific coast, Triangle Ranch Conservation Area, Veracruzano Reef System, Yucatan Peninsula, anthrop, climate change, coastal microbial diversity, dinoflagell, genomics, ican Barrier Reef System, marine symbiosis, ors, rising sea temperatures, social systems', 16, NULL, b'1', b'1', b'0', NULL, 0, b'1'),
(105, 'Gerardo', 'Dominguez', 'Professor', '(760) 750-8261', 'gdominguez@csusm.edu', 'Science Hall 2 223', 'gdominguez', 'Fluorescent Aerogels, Hypervelocity, Hypervelocity impacts, Infrared spectroscopy, Isotope Exchange, Micrometeorite Hypervelocity impacts, Nanoplastics, Neural Networks, Oxygen isotopic composition, Radiation Damage, Solar System, Space Weathering, atmospheric chemistry, environmental science, isotope systematics, isotopic fractionation, ochemistry, ogels, oxygen isotopes, photochemical species, planetary science, raterrestrial Particles, silicate melts, ysics', 27, NULL, b'1', b'1', b'0', NULL, 0, b'1'),
(106, 'Kang', 'Du', 'Assistant Professor', '(760) 750-6538', 'kdu@csusm.edu', 'Science Hall 1 117', 'kdu', 'Biochemistry, Bioinorganic Chemistry, Guest Exchange Kinetics, Northwestern University, Selective Fluoride Detection, Shifts, Water Purification, Inorganic chemistry, magnetic compounds, materials, metallomedicines', 28, NULL, b'1', b'1', b'1', 'Inorganic chemistry, magnetic compounds, materials, metallomedicines', 0, b'1'),
(107, 'Nahid', 'Ebrahimi Majd', 'Associate Professor', '(760) 750-8299', 'nmajd@csusm.edu', 'Science Hall 2 227', 'nmajd', 'Blockchain, Blockchain Decentralized Application, BumpChat, CoinCrowder, Cryptocurrency, Cryptography, Deep Learning, Energetic Sustainable Adaptive Clustering Protocol, Energy Aware LEACH Protocol, Heterogenous Wireless Ad Hoc Networks, Information Systems, Internet, Machine learning, Network Security, Secure Mobile Communication System, blockchain technology, computer networks, cryptocurrency, cryptography, decentralized networks, deep learning, machine learning, network security, networked systems, s', 26, NULL, b'1', b'1', b'0', NULL, 0, b'1'),
(108, 'Matthew', 'Escobar', 'Professor', '(760) 750-8083', 'mescobar@csusm.edu', 'Science Hall 2 123', 'mescobar', 'Biology, Genomics, Microbial Community Composition, Molecular Cell Biology, Student Attitudes, a, alternative respiratory pathways, biofuels, crown gall disease, il Ecology, plant biotechnology, th', 16, NULL, b'1', b'1', b'0', NULL, 0, b'1'),
(109, 'Simon', 'Fan', 'Professor, Software Engineering', '(760) 750-8216', 'sfan@csusm.edu', 'Viasat Engineering Pavilion 6103', 'sfan', 'Advanced Decision Support Systems, Artificial Intelligence, Cloud Computing, Cognitive Science, Cognitive modeling, Intelligent Agent Architectures, Intelligent Information Management, Machine Learning, Software Engineering, Systems, information sharing, team collaboration', 29, NULL, b'1', b'1', b'0', NULL, 0, b'1'),
(110, 'Denise', 'Garcia', 'Professor', '(760) 750-4132', 'dgarcia@csusm.edu', 'Science Hall 2 133', 'dgarcia', 'Animal Genetics, Genetic Markers, Hematopoietic Necrosis Virus, Hyp, RAPD markers, RNA viruses, Regression Tree Prediction Models, Taura Syndrome Virus, Taura syndrome virus, antigenic variation, genetic factors, genetics, genome restructuring, penaid shrimp, tools, viral pathogenesis', 16, NULL, b'1', b'1', b'0', NULL, 0, b'1'),
(111, 'Lenuta', 'Gonzales', 'Lecturer', '(760) 750-8063', 'lgonzale@csusm.edu', 'Science Hall 2 321', 'lgonzale', 'Biochemistry, California, D, Diels Alder reactions, Florida State University, Guide books, Organic Chemistry, Roche Vitamins, Romania, Swiss Confederation Postdoctoral Fellow, University, analytical chemistry, benzofurans, biological activities, general chemistry, guide books, organic chemistry, oxygen heterocycles, phosphorescence, photochemistry', 28, NULL, b'1', b'1', b'0', NULL, 0, b'1');
INSERT INTO `faculty` (`user_id`, `first_name`, `last_name`, `title`, `phone`, `email`, `office`, `username`, `keywords`, `department_id`, `password`, `research_collab`, `presentation`, `share_resource`, `description`, `collab_post`, `active`) VALUES
(112, 'Ahmad', 'Hadaegh', 'Professor', '(760) 750-8068', 'ahadaegh@csusm.edu', 'Science Hall 2 221', 'ahadaegh', 'CSTEM, CSUS, active learning, reasoned interpretation, thorough analysis', 26, NULL, b'1', b'1', b'0', NULL, 0, b'1'),
(113, 'Kambiz', 'Hamadani', 'Associate Professor', '(760) 750-4189', 'khamadani@csusm.edu', 'Science Hall 2 331', 'khamadani', 'Biochemistry, Biological Chemistry, Molecular Biology, UC Berkeley, bioconjugation, biophysics, chemical biology, click chemistry, ochemistry, protein folding, single molecule dyes, single molecule fluorescence resonance energy transfer, synthetic biochemistry, ultrasensative fluorescence microscopes', 28, NULL, b'1', b'1', b'0', NULL, 0, b'1'),
(114, 'Olaf', 'Hansen', 'Professor', '(760) 750-8005', 'ohansen@csusm.edu', 'Administrative Building 6304', 'ohansen', 'CAD systems, Dirichlet boundary conditions, Lame equation, boundary integral equations, collocation method, courses, double layer ansatz, double layer potential, heat equation, integral equations, linear trial functions, non smooth surfaces, numerical approximation, numerical solution, polygonal boundaries, polygonal surfaces, quadratic convergence rates, radiosity equation, stability result, stability theory, time dependent problems', 30, NULL, b'1', b'1', b'0', NULL, 0, b'1'),
(115, 'Robert', 'Iafe', 'Associate Professor', '(760) 750-8283', 'riafe@csusm.edu', 'Science Hall 1 108', 'riafe', 'Biochemistry, Computational Chemistry, Mary, Marymount University, Organic Chemistry, University, organic chemistry, small molecule synthesis', 28, NULL, b'1', b'1', b'0', NULL, 0, b'1'),
(116, 'Asif', 'Imran', 'Assistant Professor', '(760) 750-6540', 'aimran@csusm.edu', 'Viasat Engineering Pavilion 6011', 'aimran', 'IIT, IT, Software Engineering, Vias, based security assurance, cloud computing, code smell refactoring, consumption, distributed software, distributed software applications, energy consumption, oring, provenance analysis, resource usage, software code smell batch ref, software engineering', 26, NULL, b'1', b'1', b'0', NULL, 0, b'1'),
(117, 'Julie', 'Jameson', 'Professor', '(760) 750-8274', 'jjameson@csusm.edu', 'Science Hall 1 317A', 'jjameson', 'Immun, Immunology, Medical Center, T cell function, Viral Vaccine Studies, Virology, murine skin, obesity, tissue repair, translational research, type 2 diabetes, wound healing complications', 16, NULL, b'1', b'1', b'0', NULL, 0, b'1'),
(118, 'James', 'Jancovich', 'Associate Professor', '(760) 750-8525', 'jjancovich@csusm.edu', 'Science Hall 2 119', 'jjancovich', 'Frog virus 3, Innate immune evasion, genomics, host species shifts, iridoviruses, molecular biology, multiple, pathogenesis, ranaviruses', 16, NULL, b'1', b'1', b'0', NULL, 0, b'1'),
(119, 'Sajith', 'Jayasinghe', 'Department Chair', '(760) 750-8075', 'sjayasin@csusm.edu', 'Science Hall 2 333', 'sjayasin', 'Biochemistry, Molecular Biology, aggregation, aggregative fimbriae, bacterial cur, biochemistry, biophysical techniques, conformation changes, islet amyloid polypeptide, membrane association, ochemistry, polypeptides, salmonella, thin', 28, NULL, b'1', b'1', b'0', NULL, 0, b'1'),
(120, 'Yuanyuan', 'Jiang', 'Assistant Professor', '(760) 750-8132', 'yjiang@csusm.edu', 'Science Hall 2 343', 'yjiang', 'Child Development, Intelligence, Naïve Bayes Classifier, Parental Scaffolding, Prospective Control, Road Safety, human computer interaction, psychology, virtual reality', 26, NULL, b'1', b'1', b'0', NULL, 0, b'1'),
(121, 'William', 'Kristan', 'Department Chair', '(760) 750-8096', 'wkristan@csusm.edu', 'Science Hall 1 307', 'wkristan', 'Analysis, Biological data analysis, Common Raven, Conservation Biology, Crows, Landscape Ecology, Linear Models, Mexican fan palm invasion, Multivariate Analysis, Oregon, Owyhee Uplands, Population Biology, San Diego County, San Diego Wild Animal Park, San Dieguito River Park, cheatgrass, conservation biology, crows, demographic population models, ecology, endangered species, freeload, landscape ecology, mammalian predator distributions, perennial pepperweed invasion, population biology, predictive power, ravens, red brome, statistical habitat models, water supplementation', 16, NULL, b'1', b'1', b'0', NULL, 0, b'1'),
(122, 'Andre', 'Kundgen', 'Professor', '(760) 750-8070', 'akundgen@csusm.edu', 'Administrative Building 6218', 'akundgen', 'hematical Conferences', 30, NULL, b'1', b'1', b'0', NULL, 0, b'1'),
(123, 'Yanyan', 'Li', 'Assistant Professor', '(760) 750-8133', 'yali@csusm.edu', 'Science Hall 2 319', 'yali', 'Computer Science, Computer Security, Cyber Security Education, Information Systems, IoT Security, IoT security, cyber security education, usable security', 26, NULL, b'1', b'1', b'0', NULL, 0, b'1'),
(124, 'Jose', 'Mendoza', 'Professor', '(760) 750-4180', 'jmendoza@csusm.edu', 'Science Hall 2 335', 'jmendoza', 'ATPase Activities, Elevated Temperatures, GTP, GroEL, Helicobacter Pylory, Hsp60, Hsp60 Protein, Hsp60 protein, cellular stress, chaperone activity, fluorescence, helicobacter pylori, molecular chaperones, organic molecules, osmolytes, protective effects, stress proteins', 28, NULL, b'1', b'1', b'0', NULL, 0, b'1'),
(125, 'Justin', 'Morris', 'Assistant Professor', '(760) 750-6548', 'jmorris@csusm.edu', 'Viasat Engineering Pavilion 6018', 'jmorris', 'Energy Efficiency, Highly Efficient Learning Engine, HyperDimensional Computing, Hyperdimensional Computing, Low Powered Machine Learning, Optimized Neuromorphic Computing, Robust Spiking Neural Networks', 26, NULL, b'1', b'1', b'0', NULL, 0, b'1'),
(126, 'Bianca', 'Mothe', 'Professor', '(760) 750-4637', 'bmothe@csusm.edu', 'Science Hall 2 113', 'bmothe', 'Biology, Community Partnerships, Epimmune, IVIC ENGAG, Major Histocompatibility Complex, cynomolgus, immunology, rhesus macaques, stem cell immunogenetics, vaccines, virology, é', 16, NULL, b'1', b'1', b'0', NULL, 0, b'1'),
(127, 'Karno', 'Ng', 'Associate Professor', '(760) 750-8037', 'kng@csusm.edu', 'Science Hall 1 113', 'kng', 'Acute Caffeine Ingestion, Chemical Education, Intense Resistance Training Performance, Non-science Majors, achiral compounds, amino acids, chiral molecules, flow injection, gentamicin, ochemistry, optically active compounds, peptides', 28, NULL, b'1', b'1', b'0', NULL, 0, b'1'),
(128, 'Youwen', 'Ouyang', 'Professor', '(760) 750-8047', 'ouyang@csusm.edu', 'Science Hall 2 219', 'ouyang', 'Activate Computational Thinking, CSIS students, CyberQUEST, CyberTEAM, Earthquake Plotting, Information Systems, USGS, children, earthquakes, iQUEST, magntitude, middle school science curriculum, software applications, virtual labs', 26, NULL, b'1', b'1', b'0', NULL, 0, b'1'),
(129, 'Moorthy', 'Palanki', 'Program Director', '(760) 750-4131', 'mpalanki@csusm.edu', 'Extended Learning Building 508', 'mpalanki', 'BIOT257, BIOT497, Madras University, Medicinal Chemist, NovickBio, Undergraduate Degree Program, argeGen, biotechnology, cancer, clinical trials, diabetes, ene, medicinal chemistry, neuroscience, otechnology, pharmaceutical industries, ripps Research institute, undergraduate majors', 31, NULL, b'1', b'1', b'0', NULL, 0, b'1'),
(130, 'Justin', 'Perron', 'Associate Professor', '(760) 750-8501', 'jperron@csusm.edu', 'Science Hall 2 229', 'jperron', 'Corbino geometry, Silicon Quantum Electronics, Valley blockade, bias triangles, chemical potential space, rod, silicon double quantum dot, state physics', 27, NULL, b'1', b'1', b'0', NULL, 0, b'1'),
(131, 'Edward', 'Price', 'Professor', '(760) 750-8040', 'eprice@csusm.edu', 'Science Hall 2 215', 'eprice', 'Boys and Girls Clubs, Faculty Online Learning Communities, Informal STEM education, Informal science education, K12 students, afterschool program, ators, cardboard, circuity, coding, community engagement, informal science education, robotics', 27, NULL, b'1', b'1', b'0', NULL, 0, b'1'),
(132, 'Amber', 'Puha', 'Department Chair', '(760) 750-4201', 'apuha@csusm.edu', 'Administrative Building 6235', 'apuha', 'Faculty Advisor, Randomness, modeling, probability theory, randomness, service times, stochastic networks, stochastic processes, stochastic processing networks', 30, NULL, b'1', b'1', b'0', NULL, 0, b'1'),
(133, 'Md Lutfor', 'Rahman', 'Assistant Professor', '(760) 750-8095', 'mlrahman@csusm.edu', 'Viasat Engineering Pavilion 5-108', 'mlrahman', 'Computer Security, Computer security, Deep Learning, Human factors, Neurosecurity, Website fingerprinting, brain computer interface, cookie management, neural signals, personalized browser security, phishing detection, reality', 26, NULL, b'1', b'1', b'0', NULL, 0, b'1'),
(134, 'Betsy', 'Read', 'Professor', '(760) 750-4129', 'bread@csusm.edu', 'Science Hall 2 131', 'bread', 'Calcifying Cells, Coccolithophore, Life Cycle, Marine Biotechnology, Marine Coccolithophorid, Microbiology, Micropaleontology, Molecular Cell Biology, Phase Variation Events, University, calcification, coccolithogenesis, eucaryotic marine algae, functional genomics, recombinant cyanobacterial, specificity factor, substrate specificity factor', 16, NULL, b'1', b'1', b'0', NULL, 0, b'1'),
(135, 'Michael', 'Schmidt', 'Professor', '(760) 750-4138', 'schmidt@csusm.edu', 'Science Hall 2 321', 'schmidt', 'Aragonite Growth, Binding, Carbon D, Critical Thinking Assessment, Folding Properties, Household Chemistry Projects, Isocitrate, Metal Binding, Nafion Films, Teach Scientific Writing, University Ball Committee, University Service, ersaturations, rate', 28, NULL, b'1', b'1', b'0', NULL, 0, b'1'),
(136, 'Diego', 'Sustaita', 'Associate Professor', '(760) 750-8240', 'dsustaita@csusm.edu', 'Science Hall 1 211', 'dsustaita', 'applied wildlife ecology, biomechanical principles, birds, captive shrikes, evolutionary morphology, falcons, force sensors, functional performance capabilities, hawks, live animals, locomotion, morphological variation, musculoskeletal differences, perching, predatory songbirds, shrikes, small mammals', 16, NULL, b'1', b'1', b'0', NULL, 0, b'1'),
(137, 'Jackie', 'Trischman', 'Dean', '(760) 750-7204', 'trischma@csusm.edu', 'Administrative Building 6211', 'trischma', 'Biochemistry, CSUSM, Competitive induction, Mentoring Program, Tulane University, UC, UC San Diego, Women, diketopiperazine, marine bacteria, opy, organic chemistry, ure', 32, NULL, b'1', b'1', b'0', NULL, 0, b'1'),
(138, 'Stephen', 'Tsui', 'Department Chair', '(760) 750-4144', 'stsui@csusm.edu', 'Science Hall 2 233', 'stsui', 'Quantum Design, carrier hopping mechanism, community engagement, condensed matter physicist, condensed matter physics, electronic conduction, internships, magnetic phenomena, materials physics, nanoscience, resistive random access memories, resistive switching, scientific outreach, spin reorientation, straw tracking detector', 27, NULL, b'1', b'1', b'0', NULL, 0, b'1'),
(139, 'George', 'Vourlitis', 'Professor', '(760) 750-4119', 'georgev@csusm.edu', 'Science Hall 1 316A', 'georgev', 'Alaskan Arctic, Evolution, GIS, Geographic Information Systems, Global Change Biology, eddy covariance, energy exchange, energy fluxes, mathematical modeling, nitrogen deposition, portable infrared gas analyzers, remotely sensed data, soil organic carbon storage, southern California drylands, spectral reflectance, terrestrial ecosystems, transitional tropical forest ecosystems', 16, NULL, b'1', b'1', b'0', NULL, 0, b'1'),
(140, 'Shaun-Inn', 'Wu', 'Professor', '(760) 750-4079', 'shauninn@csusm.edu', 'Science Hall 2 235', 'shauninn', 'Digital Watermarking, Financial Forecasting, Genetic Programming, Image Compression, Neural Net, Programming, Systems, Vector Quantization, Web programming, artificial neural networks, bay Research Web Service, book Generation Algorithm, genetic algorithms, intelligent database management systems, programming, rks', 26, NULL, b'1', b'1', b'0', NULL, 0, b'1'),
(141, 'Rika', 'Yoshii', 'Professor', '(760) 750-4121', 'ryoshii@csusm.edu', 'Science Hall 2 231', 'ryoshii', 'Conversational Tutoring Systems, Reasoning Tool, Systems, intelligent tutoring systems, matic Reasoning Tool, visual reasoning models', 26, NULL, b'1', b'1', b'0', NULL, 0, b'1'),
(142, 'Xiaoyu', 'Zhang', 'Professor', '(760) 750-4187', 'xiaoyu@csusm.edu', 'Science Hall 2 225', 'xiaoyu', 'Bioinformatics, Biomineralization Proteins, Coccolithophorid Emiliania h, Coccolithophorids, Computational System Bioinformatics Conference, Computer graphics, EST Expression, H, HIV proteases, Sections Menu, Systems, bioinformatics, biological research, cDNA Microarrays, computational biology, computational tools, computer science, databases, distributed computing, genomic data, i, microarray data, ontology, ta, visualization', 26, NULL, b'1', b'1', b'0', NULL, 0, b'1'),
(143, 'Yongjie', 'Zheng', 'Associate Professor, Software Engineering', '(760) 750-8023', 'yzheng@csusm.edu', 'Viasat Engineering Pavilion 6102', 'yzheng', 'real software systems, single software systems, software architectures, software engineering, software product, software product lines, software products, software tools, source code, systems', 29, NULL, b'1', b'1', b'0', NULL, 0, b'1'),
(144, 'Robyn', 'Araiza', 'lecturer', '(760) 750-8063', 'raraiza@csusm.edu', ' Science Hall 2 239A', 'raraiza', 'natural products lab, chemistry of living systems, marine products, animal metabolites, plant metabolomics, practical application chemistry, chocolate, mass spectrometry, Chemistry, Biochemistry, Medical ,Environmental Studies', 28, NULL, b'1', b'1', b'1', 'I work in a natural products lab focusing on the chemistry of living systems. Although I have spent time working with marine products as well as animal metabolites, my focus is plant metabolomics. I love using practical application chemistry to get the audience interested especially using my work with chocolate. I do much of my work with mass spectrometry and can develop methods for just about any sample.', 0, b'1'),
(145, 'Lauren', 'Schmelzer', 'Student Services Professional', '(760) 750-7201', 'lschmelz@csusm.edu', ' Administrative Building 6203', 'lschmelz', 'Ethnobotany garden', 33, NULL, b'1', b'1', b'1', 'Ethnobotany garden', 1, b'1'),
(146, 'Caroline', 'Caplan', 'Post-Doctoral Researcher', '(760) 750-7201', 'ccaplan@csusm.edu', 'Science Hall 2 239A', 'ccaplan', 'Cosmochemistry, classifying meteorite remnants, oxygen isotope abundances,  ultra high vacuum with electron source, oxygen isotope exchange, astrophysical conditions', 27, NULL, b'1', b'1', b'1', 'Cosmochemistry - I have worked on classifying meteorite remnants by measuring their elemental and oxygen isotope abundances. I currently run experiments under ultra high vacuum with an electron source to determine oxygen isotope exchange in astrophysical conditions. ', 1, b'1'),
(147, 'Sara', 'Belontz', 'Post-Doctoral Researcher', '(760) 750-8439', 'sbelontz@csusm.edu', 'Science Hall 2 239A', 'sbelontz', 'Environmental Studies, Environmental Geoscientist, plastic pollution, microplastics, spectroscopy, sustainability, ArcGIS, freshwater, sedimentology', 27, NULL, b'1', b'1', b'0', 'Environmental Geoscientist by trade- plastic pollution, microplastics, spectroscopy, sustainability, ArcGIS, freshwater, sedimentology', 0, b'1'),
(148, 'Jing', 'Hou', 'Assistant Professor', '(760) 750-6539', 'jhou@csusm.edu', 'Science Hall 2 341', 'jhou', 'Network Economics, Cybersecurity, Machine Learning, Logistics and Supply Chain Management', 26, NULL, b'1', b'0', b'0', 'Network Economics, Cybersecurity, Machine Learning, Logistics and Supply Chain Management', 0, b'1'),
(149, 'Alexander', 'Estrada', 'Lecturer', '(760) 750-8063', 'alestrada@csusm.edu', 'Science Hall 2 239A', 'alestrada', 'Synthesis, transition metal complexes, low valent, low coordinate Nickel Complexes, molecular gyroscopes', 28, NULL, b'1', b'1', b'0', 'Generally: Synthesis and characterization of transition metal complexes Far past: Synthesis of low valent, low coordinate nickel complexes Past: Synthesis of rhodium based molecular gyroscopes Future: ???? Not sure if Ill find my way back into the research game.', 0, b'1'),
(153, 'testFirst', 'testLast', 'testTitle', '666666666', 'test@csusm.edu', 'testOffice', 'testUN', NULL, 26, NULL, b'1', b'1', b'0', 'testDesc', 0, b'1');

-- --------------------------------------------------------

--
-- Table structure for table `faculty_keyword_relation`
--

CREATE TABLE `faculty_keyword_relation` (
  `user_id` int(200) NOT NULL,
  `keyword` varchar(767) NOT NULL
) ENGINE=InnoDB DEFAULT CHARSET=utf8;

--
-- Dumping data for table `faculty_keyword_relation`
--

INSERT INTO `faculty_keyword_relation` (`user_id`, `keyword`) VALUES
(44, 'academia'),
(69, 'academia'),
(7, 'Academic'),
(44, 'academic performance'),
(4, 'academic preparedness'),
(13, 'academic senate'),
(92, 'academic training'),
(11, 'acculturation'),
(66, 'accumulated exercise'),
(127, 'achiral compounds'),
(25, 'Action Research'),
(68, 'Action Research Network'),
(68, 'action research theory'),
(128, 'Activate Computational Thinking'),
(112, 'active learning'),
(127, 'Acute Caffeine Ingestion'),
(17, 'acute stress'),
(79, 'addiction'),
(69, 'addictions'),
(32, 'addictive behaviors'),
(12, 'adolescence'),
(12, 'adolescents'),
(77, 'adolescents'),
(64, 'Adoptions'),
(75, 'adult protective services'),
(12, 'Adults'),
(109, 'Advanced Decision Support Systems'),
(62, 'advertising'),
(61, 'Advisory Council'),
(42, 'Affirmative Action'),
(41, 'African Diaspora Studies'),
(131, 'afterschool program'),
(119, 'aggregation'),
(119, 'aggregative fimbriae'),
(16, 'Aging'),
(69, 'aging'),
(82, 'aging'),
(68, 'Alaska Natives'),
(139, 'Alaskan Arctic'),
(57, 'algorithmic ethics'),
(79, 'Alliant International University'),
(77, 'ally'),
(56, 'alternative respiratory pathways'),
(108, 'alternative respiratory pathways'),
(76, 'American Cancer Society'),
(24, 'American Culture'),
(71, 'American Dietetic Association'),
(33, 'American Foreign Policy'),
(33, 'American foreign relations'),
(74, 'American Heart Association'),
(31, 'American Indian Education'),
(68, 'American Indian Education'),
(31, 'American Indian Studies'),
(68, 'American Indian Studies'),
(24, 'American Protestantism'),
(24, 'American Studies'),
(127, 'amino acids'),
(121, 'Analysis'),
(60, 'Analytic center cutting plane method'),
(111, 'analytical chemistry'),
(59, 'Analytics'),
(31, 'ance'),
(110, 'Animal Genetics'),
(144, 'animal metabolites'),
(62, 'ANOVA'),
(104, 'anthrop'),
(110, 'antigenic variation'),
(7, 'anxiety'),
(36, 'Applied Linguistics'),
(136, 'applied wildlife ecology'),
(135, 'Aragonite Growth'),
(147, 'ArcGIS'),
(34, 'Archaeozoology'),
(52, 'Architectural History'),
(100, 'Architecture'),
(129, 'argeGen'),
(43, 'Arizona State University'),
(102, 'Arizona State University'),
(57, 'artificial intelligence'),
(58, 'artificial intelligence'),
(109, 'Artificial Intelligence'),
(140, 'artificial neural networks'),
(27, 'Arts'),
(29, 'Arts'),
(42, 'Asia'),
(42, 'Asian American Studies'),
(41, 'Association'),
(54, 'assortment decisions'),
(146, 'astrophysical conditions'),
(103, 'astrophysics'),
(72, 'Athletic Injuries'),
(105, 'atmospheric chemistry'),
(131, 'ators'),
(124, 'ATPase Activities'),
(8, 'attentional blink'),
(29, 'Autism Spectrum Disorder'),
(7, 'Award'),
(93, 'backpack carriage'),
(93, 'backpack load carriage'),
(93, 'backpack palsy'),
(119, 'bacterial cur'),
(6, 'bail decision making'),
(3, 'Banking'),
(37, 'Barrio Criminology'),
(37, 'Barrio Popular Culture'),
(38, 'Baseball'),
(38, 'baseball industry'),
(116, 'based security assurance'),
(140, 'bay Research Web Service'),
(101, 'Beck'),
(32, 'behavior change'),
(11, 'Behavioral Neuroscience'),
(17, 'behavioral outcomes'),
(7, 'Behavioral Phenotypes'),
(23, 'Behavioral Science'),
(76, 'behavioral sciences'),
(8, 'belief bias'),
(111, 'benzofurans'),
(51, 'beria'),
(44, 'bias'),
(130, 'bias triangles'),
(57, 'big data analytics'),
(5, 'bilingual first language acquisition'),
(86, 'binational health issues'),
(135, 'Binding'),
(106, 'Biochemistry'),
(111, 'Biochemistry'),
(113, 'Biochemistry'),
(115, 'Biochemistry'),
(119, 'Biochemistry'),
(137, 'Biochemistry'),
(144, 'Biochemistry'),
(113, 'bioconjugation'),
(56, 'biofuels'),
(108, 'biofuels'),
(23, 'biogeography'),
(142, 'Bioinformatics'),
(106, 'Bioinorganic Chemistry'),
(111, 'biological activities'),
(113, 'Biological Chemistry'),
(121, 'Biological data analysis'),
(142, 'biological research'),
(56, 'Biology'),
(82, 'biology'),
(108, 'Biology'),
(126, 'Biology'),
(78, 'biome'),
(136, 'biomechanical principles'),
(87, 'Biomechanics'),
(93, 'biomechanics'),
(78, 'biomedical applications'),
(78, 'biomedicine'),
(142, 'Biomineralization Proteins'),
(119, 'biophysical techniques'),
(113, 'biophysics'),
(129, 'BIOT257'),
(129, 'BIOT497'),
(129, 'biotechnology'),
(136, 'birds'),
(13, 'Black feminism'),
(17, 'Black Lives Matter Movement'),
(13, 'Black Studies'),
(107, 'Blockchain'),
(107, 'Blockchain Decentralized Application'),
(107, 'blockchain technology'),
(87, 'board volume'),
(140, 'book Generation Algorithm'),
(38, 'Border Identities'),
(22, 'border pedagogy'),
(22, 'Border Studies'),
(38, 'Border Water Conflicts'),
(23, 'botany'),
(114, 'boundary integral equations'),
(37, 'Boyle Heights'),
(131, 'Boys and Girls Clubs'),
(133, 'brain computer interface'),
(41, 'Brazil'),
(92, 'Brazil'),
(61, 'brokerage sector'),
(27, 'Buddhism'),
(27, 'Buddhist monk'),
(107, 'BumpChat'),
(58, 'Business Analytics'),
(63, 'Business Analytics'),
(53, 'Business Forecasting'),
(53, 'Business Statistics'),
(114, 'CAD systems'),
(134, 'calcification'),
(134, 'Calcifying Cells'),
(111, 'California'),
(31, 'California Indian Culture'),
(31, 'California Indian Sovereign Nations'),
(68, 'California Local Control Funding Formula'),
(65, 'California Native American Research Centers'),
(31, 'California State University'),
(82, 'caloric restriction'),
(44, 'campus climate'),
(129, 'cancer'),
(51, 'cancillerías'),
(70, 'capacity development'),
(136, 'captive shrikes'),
(135, 'Carbon D'),
(131, 'cardboard'),
(74, 'cardiac patients'),
(66, 'cardiorespiratory fitness'),
(74, 'cardiovascular disorders'),
(30, 'Career Mentoring Program'),
(30, 'career mentors'),
(10, 'Carib linguistic family'),
(138, 'carrier hopping mechanism'),
(51, 'Castilian Chancery'),
(142, 'cDNA Microarrays'),
(64, 'CE'),
(77, 'CE'),
(81, 'CE'),
(83, 'CEH'),
(70, 'CEHHS'),
(124, 'cellular stress'),
(96, 'Certified Employee Assistance Professional'),
(74, 'certified trainer'),
(124, 'chaperone activity'),
(68, 'Character Education'),
(17, 'characteristics'),
(121, 'cheatgrass'),
(113, 'chemical biology'),
(127, 'Chemical Education'),
(130, 'chemical potential space'),
(144, 'Chemistry'),
(144, 'chemistry of living systems'),
(71, 'Chicago Medical School'),
(64, 'Child Abuse Hotline'),
(64, 'Child Abuse Investigations'),
(84, 'child development'),
(120, 'Child Development'),
(57, 'child protection'),
(80, 'Child Protective Services'),
(7, 'Child Psychiatry'),
(99, 'Child Sexual Abuse'),
(99, 'Child Sexual Abuse Prevention'),
(84, 'child stunting'),
(69, 'child welfare'),
(75, 'child welfare'),
(77, 'child welfare'),
(83, 'child welfare'),
(64, 'Child Welfare Services'),
(86, 'child welfare services'),
(64, 'Child Welfare Social Workers'),
(85, 'childhood trauma'),
(22, 'Children'),
(29, 'children'),
(46, 'children'),
(77, 'children'),
(83, 'children'),
(128, 'children'),
(55, 'Chinese Studies'),
(127, 'chiral molecules'),
(144, 'chocolate'),
(66, 'chronic disease'),
(74, 'chronic disease management'),
(82, 'chronic parasite infection'),
(24, 'church bodies'),
(72, 'Cincinnati'),
(2, 'cinema'),
(131, 'circuity'),
(14, 'Citizenship'),
(33, 'Citizenship'),
(6, 'civil gang injunctions'),
(14, 'Class'),
(20, 'Class'),
(45, 'Class Politics'),
(146, 'classifying meteorite remnants'),
(113, 'click chemistry'),
(23, 'climate change'),
(104, 'Climate change'),
(34, 'climate changes'),
(18, 'climate justice'),
(23, 'Climate Science'),
(74, 'Clinical Cardiac Program'),
(32, 'clinical health psychologist'),
(32, 'Clinical Health Psychology'),
(7, 'clinical psychology'),
(129, 'clinical trials'),
(57, 'cloud computing'),
(109, 'Cloud Computing'),
(116, 'cloud computing'),
(59, 'cloud computing networks'),
(104, 'coastal microbial diversity'),
(104, 'Coastal Microbial Ecology'),
(10, 'Coastal Miwok'),
(134, 'coccolithogenesis'),
(134, 'Coccolithophore'),
(142, 'Coccolithophorid Emiliania h'),
(142, 'Coccolithophorids'),
(116, 'code smell refactoring'),
(131, 'coding'),
(21, 'Cognition Certificate'),
(46, 'cognitive abilities'),
(109, 'Cognitive modeling'),
(8, 'Cognitive Processes'),
(62, 'cognitive processes'),
(8, 'Cognitive Psychology'),
(49, 'Cognitive Psychology'),
(8, 'cognitive reflection'),
(98, 'cognitive rehabilitation'),
(109, 'Cognitive Science'),
(107, 'CoinCrowder'),
(82, 'cold exposure'),
(17, 'collective trauma'),
(12, 'college adjustment'),
(37, 'college campuses'),
(71, 'college health'),
(93, 'College Physical Education'),
(12, 'college students'),
(32, 'college students'),
(114, 'collocation method'),
(85, 'combat veterans'),
(121, 'Common Raven'),
(34, 'community'),
(14, 'community colleges'),
(19, 'community engagement'),
(69, 'community engagement'),
(131, 'community engagement'),
(138, 'community engagement'),
(70, 'community grounded leaders'),
(73, 'community health'),
(76, 'Community Health'),
(86, 'community health'),
(90, 'community health nursing'),
(73, 'Community Impact'),
(1, 'community language researchers'),
(74, 'community members'),
(126, 'Community Partnerships'),
(74, 'community seminars'),
(78, 'comparative biomechanics'),
(77, 'compassion'),
(137, 'Competitive induction'),
(2, 'composition'),
(142, 'computational biology'),
(115, 'Computational Chemistry'),
(142, 'Computational System Bioinformatics Conference'),
(142, 'computational tools'),
(49, 'computer'),
(142, 'Computer graphics'),
(107, 'computer networks'),
(68, 'computer science'),
(123, 'Computer Science'),
(142, 'computer science'),
(123, 'Computer Security'),
(133, 'Computer Security'),
(138, 'condensed matter physicist'),
(138, 'condensed matter physics'),
(58, 'Conference'),
(8, 'Conference Presentations'),
(29, 'Conference Presentations'),
(103, 'conference proceedings'),
(119, 'conformation changes'),
(53, 'Congestion'),
(60, 'conic optimization'),
(23, 'conifer forests'),
(34, 'conservation areas'),
(121, 'Conservation Biology'),
(55, 'consumer behavior'),
(62, 'consumer behavior'),
(53, 'Consumer Choice'),
(62, 'Consumer Marketing'),
(62, 'consumer psychology'),
(62, 'Consumer Technology Interactions'),
(116, 'consumption'),
(1, 'contemplative pedagogical practices'),
(27, 'Continental philosophy'),
(58, 'Continuous Double Auctions'),
(1, 'conversational language'),
(141, 'Conversational Tutoring Systems'),
(45, 'Convivial Labor'),
(133, 'cookie management'),
(130, 'Corbino geometry'),
(73, 'corner stores'),
(58, 'Corporate Prediction Markets'),
(102, 'Corticosterone'),
(146, 'Cosmochemistry'),
(114, 'courses'),
(4, 'Court Mediation Process'),
(4, 'court process'),
(4, 'courts'),
(89, 'CPR'),
(18, 'Creative Writing'),
(36, 'Creative Writing'),
(54, 'Credibility'),
(43, 'Crime'),
(14, 'Crime Control'),
(14, 'criminal legal system'),
(14, 'criminalization'),
(4, 'criminological theory'),
(4, 'Criminology'),
(6, 'Criminology'),
(43, 'Criminology'),
(14, 'Critical Criminology'),
(25, 'Critical Criminology'),
(38, 'Critical Education'),
(45, 'critical ethnic studies'),
(14, 'critical immigration studies'),
(14, 'critical police studies'),
(13, 'Critical Race Studies'),
(42, 'Critical Race Studies'),
(14, 'critical race theory'),
(25, 'Critical Race Theory'),
(46, 'critical social skill'),
(135, 'Critical Thinking Assessment'),
(5, 'Crosslinguistic Investigation'),
(56, 'crown gall disease'),
(108, 'crown gall disease'),
(121, 'Crows'),
(107, 'Cryptocurrency'),
(107, 'Cryptography'),
(128, 'CSIS students'),
(112, 'CSTEM'),
(112, 'CSUS'),
(16, 'CSUSM'),
(102, 'CSUSM'),
(137, 'CSUSM'),
(76, 'cultural adaptation'),
(28, 'cultural maintenance'),
(21, 'cultural psychologist'),
(96, 'cultural strengths'),
(24, 'cultural work'),
(40, 'cumulative marital trajectories'),
(62, 'Curric'),
(72, 'Curriculum'),
(35, 'curriculum vit'),
(44, 'Curriculum Vit'),
(25, 'Curriculum Vitae'),
(27, 'Cyber Memorial Zones'),
(57, 'cyber security'),
(123, 'Cyber Security Education'),
(128, 'CyberQUEST'),
(148, 'Cybersecurity'),
(128, 'CyberTEAM'),
(23, 'cycles'),
(126, 'cynomolgus'),
(34, 'Cypriot Native Plants'),
(19, 'dairy'),
(59, 'Data'),
(23, 'data processing'),
(58, 'data sciences'),
(54, 'data specialist'),
(142, 'databases'),
(12, 'dating app use'),
(12, 'Dayton'),
(107, 'decentralized networks'),
(46, 'deceptive sources'),
(58, 'Decision Analysis'),
(53, 'Decision Models'),
(58, 'Decision Support Systems'),
(52, 'decolonial studies'),
(107, 'Deep Learning'),
(133, 'Deep Learning'),
(102, 'dehydration'),
(33, 'democracy'),
(121, 'demographic population models'),
(4, 'demographics'),
(11, 'Developmental Psychobiology Research Group'),
(29, 'developmental psychologist'),
(7, 'developmental psychopathology'),
(17, 'developmental trauma'),
(37, 'Dia de Los Muertos'),
(65, 'diabetes'),
(129, 'diabetes'),
(28, 'diasporic communities'),
(1, 'dictionaries'),
(111, 'Diels Alder reactions'),
(101, 'diet ecology'),
(5, 'Differential Object Marking'),
(100, 'Digital Embedded Systems'),
(24, 'Digital History'),
(62, 'digital marketing'),
(27, 'Digital Spirituality'),
(140, 'Digital Watermarking'),
(137, 'diketopiperazine'),
(104, 'dinoflagell'),
(114, 'Dirichlet boundary conditions'),
(44, 'discrimination'),
(35, 'discursive practices'),
(30, 'disease detection'),
(35, 'disease detection'),
(32, 'disease prevention'),
(67, 'Disease Prevention'),
(76, 'disparities'),
(94, 'distance running'),
(32, 'distress tolerance'),
(142, 'distributed computing'),
(116, 'distributed software'),
(116, 'distributed software applications'),
(52, 'diverse student populations'),
(30, 'Divorce'),
(21, 'DNA Ancestry Tests'),
(33, 'domestic politics'),
(18, 'domestic violence'),
(70, 'domestic violence'),
(79, 'domestic violence'),
(30, 'Domestic Violence Prevention'),
(82, 'domestication'),
(114, 'double layer ansatz'),
(114, 'double layer potential'),
(32, 'dual use'),
(27, 'duality'),
(126, 'é'),
(23, 'Earth System Science'),
(128, 'Earthquake Plotting'),
(128, 'earthquakes'),
(27, 'Eastern philosophy'),
(99, 'Eastern Washington University'),
(29, 'Ecology'),
(121, 'ecology'),
(3, 'economic Theory'),
(6, 'Economics'),
(54, 'Economics'),
(89, 'ed Physical Education'),
(139, 'eddy covariance'),
(9, 'Education'),
(97, 'education'),
(68, 'educational administration'),
(9, 'Educational Opportunity Program'),
(42, 'Educational Opportunity Programs'),
(68, 'Educational Psychology'),
(95, 'educational video games'),
(78, 'effective therapies'),
(8, 'Elaborative feedback'),
(9, 'elders'),
(32, 'electronic cigarettes'),
(138, 'electronic conduction'),
(99, 'Elementary Schools'),
(124, 'Elevated Temperatures'),
(102, 'elevation gradient'),
(100, 'Embedded Systems'),
(12, 'Emerging Adulthood'),
(47, 'emotion'),
(29, 'Emotional Curriculum podcast'),
(97, 'emotional learning'),
(77, 'empathy'),
(54, 'Empirical Operations Management'),
(79, 'employee assistance'),
(9, 'empowerment'),
(121, 'endangered species'),
(67, 'endocrine disorder'),
(74, 'endothelial adaptations'),
(74, 'Endothelial function'),
(129, 'ene'),
(107, 'Energetic Sustainable Adaptive Clustering Protocol'),
(107, 'Energy Aware LEACH Protocol'),
(116, 'energy consumption'),
(125, 'Energy Efficiency'),
(139, 'energy exchange'),
(139, 'energy fluxes'),
(93, 'Engineering'),
(93, 'Engineering Mechanics'),
(95, 'English'),
(5, 'English Grammar'),
(15, 'English Grammar'),
(28, 'English Grammar'),
(95, 'English Language Arts'),
(74, 'ension'),
(10, 'environmental anthropology'),
(45, 'environmental anthropology'),
(17, 'environmental contexts'),
(34, 'Environmental Geogarphy'),
(23, 'Environmental Geography'),
(147, 'Environmental Geoscientist'),
(45, 'environmental justice'),
(84, 'environmental risk factors'),
(105, 'environmental science'),
(144, 'Environmental Studies'),
(147, 'Environmental Studies'),
(84, 'environmental sustainability'),
(76, 'Epidemiology'),
(126, 'Epimmune'),
(28, 'ergative intervention'),
(28, 'ergativity'),
(93, 'ergonomic design'),
(135, 'ersaturations'),
(142, 'EST Expression'),
(22, 'Ethical Participation'),
(22, 'ethical questions'),
(32, 'ethnic minority groups'),
(13, 'Ethnic Studies'),
(14, 'ethnic studies'),
(42, 'Ethnic Studies'),
(16, 'ethnicity'),
(33, 'ethnicity'),
(42, 'Ethnicity'),
(145, 'Ethnobotany garden'),
(16, 'ethnogerontology'),
(134, 'eucaryotic marine algae'),
(13, 'European Americans'),
(139, 'Evolution'),
(136, 'evolutionary morphology'),
(29, 'Executive Function'),
(29, 'Executive Functioning'),
(90, 'Executive Nurse'),
(90, 'Executive Nurse Leadership'),
(72, 'Exercise Fitness'),
(66, 'Exercise Nutrition'),
(66, 'Exercise Physiology'),
(88, 'Exercise Physiology'),
(94, 'exercise physiology'),
(66, 'Exercise Prescription'),
(61, 'experiential learning program'),
(49, 'Eye movement Control'),
(49, 'eye movement monitoring'),
(8, 'eyewitness memory'),
(49, 'Face memory'),
(53, 'Facilities'),
(63, 'Facility Logistics Management'),
(8, 'faculty'),
(43, 'faculty'),
(132, 'Faculty Advisor'),
(9, 'faculty development'),
(22, 'Faculty Development'),
(61, 'Faculty Innovation'),
(9, 'Faculty Mentoring'),
(131, 'Faculty Online Learning Communities'),
(13, 'faculty union'),
(57, 'fairness'),
(42, 'Faith'),
(8, 'fake news'),
(136, 'falcons'),
(68, 'fall preventation education program'),
(8, 'false memory'),
(16, 'family'),
(42, 'Family'),
(40, 'family formation'),
(79, 'family issues'),
(40, 'family processes'),
(86, 'family resource centers'),
(17, 'Family Services'),
(30, 'Family Therapy'),
(12, 'family transition'),
(30, 'Family Violence'),
(68, 'family wealth'),
(66, 'fat utilization'),
(34, 'feasting'),
(4, 'Federal Courts'),
(74, 'Federal Health Professionals'),
(31, 'Federal Indian Policy'),
(50, 'feminist pedagogy'),
(33, 'Field Practicum'),
(42, 'Filipino American Community Life'),
(42, 'Filipino Masculinity'),
(50, 'film studies'),
(32, 'filtered cigarettes'),
(68, 'Finance'),
(61, 'financial advisors'),
(4, 'financial concerns'),
(140, 'Financial Forecasting'),
(38, 'Fitness Information Technology'),
(104, 'Florida Keys'),
(104, 'Florida Microbiome Project'),
(111, 'Florida State University'),
(127, 'flow injection'),
(124, 'fluorescence'),
(105, 'Fluorescent Aerogels'),
(135, 'Folding Properties'),
(68, 'food banks'),
(101, 'foraging mode'),
(136, 'force sensors'),
(58, 'forecasting'),
(15, 'Forensic Phonetics'),
(15, 'forensic speaker identification'),
(15, 'Forensic Speech Science'),
(15, 'forensics'),
(23, 'forest ecology'),
(12, 'foster care system'),
(77, 'foster youth'),
(2, 'Francophone culture'),
(121, 'freeload'),
(39, 'French colonialism'),
(2, 'French grammar'),
(27, 'French postmodern philosophy'),
(39, 'French Revolution'),
(147, 'freshwater'),
(118, 'Frog virus 3'),
(102, 'frogs'),
(54, 'Fulfillment Planning'),
(134, 'functional genomics'),
(136, 'functional performance capabilities'),
(68, 'fundraising'),
(33, 'Gaet'),
(93, 'Gait Timing'),
(69, 'gambling'),
(54, 'Game Theory'),
(43, 'gang injunction laws'),
(37, 'Gangs'),
(71, 'Gem'),
(2, 'Gender'),
(4, 'Gender'),
(18, 'Gender'),
(20, 'Gender'),
(24, 'Gender'),
(39, 'gender'),
(42, 'Gender'),
(1, 'gendered'),
(6, 'gendered social control'),
(111, 'general chemistry'),
(12, 'General Psychology'),
(140, 'genetic algorithms'),
(110, 'genetic factors'),
(110, 'Genetic Markers'),
(140, 'Genetic Programming'),
(110, 'genetics'),
(110, 'genome restructuring'),
(142, 'genomic data'),
(56, 'Genomics'),
(104, 'genomics'),
(108, 'Genomics'),
(118, 'genomics'),
(127, 'gentamicin'),
(34, 'Geographic Information Systems'),
(139, 'Geographic Information Systems'),
(103, 'geophysics'),
(47, 'Germanic Linguistics'),
(24, 'Gilded Age'),
(22, 'GIS'),
(42, 'GIS'),
(139, 'GIS'),
(37, 'Global Capitalism'),
(139, 'Global Change Biology'),
(84, 'global health'),
(92, 'Global Health'),
(55, 'global marketing'),
(55, 'global marketing strategy'),
(2, 'global simulations'),
(31, 'Government'),
(27, 'Governmentality'),
(43, 'graduate program'),
(77, 'graduate students'),
(85, 'graduate students'),
(2, 'grammar'),
(1, 'grammars'),
(73, 'Great Grocer Project'),
(93, 'grip strength'),
(73, 'grocery stores'),
(124, 'GroEL'),
(124, 'GTP'),
(106, 'Guest Exchange Kinetics'),
(10, 'Guiana Highlands'),
(111, 'Guide books'),
(101, 'habitat change'),
(101, 'habitat disturbance'),
(57, 'Hadoop'),
(39, 'Haitian history'),
(39, 'Haitian Studies Association'),
(136, 'hawks'),
(17, 'Healing Lab'),
(26, 'health'),
(59, 'Health'),
(92, 'health diplomacy'),
(32, 'health disparities'),
(65, 'health disparities'),
(76, 'Health Disparities'),
(90, 'health disparities'),
(76, 'Health Disparities Program'),
(32, 'health promotion'),
(87, 'Health Promotion'),
(76, 'health promotion interventions'),
(68, 'health science'),
(74, 'health technology assessments'),
(54, 'Healthcare Analytics'),
(60, 'healthcare application'),
(69, 'healthcare settings'),
(74, 'HEART'),
(114, 'heat equation'),
(124, 'helicobacter pylori'),
(124, 'Helicobacter Pylory'),
(82, 'Heligmos'),
(82, 'Heligmosomoides bakeri'),
(122, 'hematical Conferences'),
(110, 'Hematopoietic Necrosis Virus'),
(28, 'heritage language'),
(5, 'heritage language acquisition'),
(47, 'Heritage Language Acquisition'),
(28, 'heritage language grammar'),
(15, 'hesitation markers'),
(107, 'Heterogenous Wireless Ad Hoc Networks'),
(48, 'Heterosexual Partnering'),
(65, 'high'),
(66, 'high intensity interval training'),
(93, 'High School'),
(80, 'high school students'),
(37, 'high schools'),
(61, 'higher education'),
(4, 'higher education outcomes'),
(125, 'Highly Efficient Learning Engine'),
(66, 'HIIT'),
(8, 'hindsight bias'),
(61, 'Hispanic Excellence'),
(36, 'Hispanic literature'),
(4, 'Hispanic Outcomes'),
(33, 'historian'),
(39, 'Historical Association'),
(10, 'historical ecological landscape'),
(10, 'historical ecology'),
(13, 'History'),
(24, 'History'),
(33, 'History'),
(38, 'History'),
(41, 'History'),
(51, 'history'),
(92, 'HIV Prevention Health Planner'),
(142, 'HIV proteases'),
(17, 'holistic healing'),
(45, 'Home kitchen gardens'),
(77, 'homeless adults'),
(99, 'homelessness'),
(101, 'horned lizards'),
(50, 'horror films'),
(81, 'hospital settings'),
(118, 'host species shifts'),
(68, 'hotline intervention'),
(135, 'Household Chemistry Projects'),
(81, 'HS'),
(86, 'HS'),
(124, 'Hsp60'),
(124, 'Hsp60 Protein'),
(87, 'human'),
(93, 'human computer interaction'),
(120, 'human computer interaction'),
(35, 'Human Development'),
(68, 'human development'),
(133, 'Human factors'),
(34, 'Human landscape use'),
(87, 'Human Movement'),
(93, 'human movement'),
(30, 'Human Service Organizations'),
(68, 'Human Services'),
(87, 'human walking'),
(78, 'humans'),
(82, 'Hymenolepis microstoma coinfection'),
(110, 'Hyp'),
(125, 'HyperDimensional Computing'),
(14, 'Hypersurveillance'),
(105, 'Hypervelocity'),
(105, 'Hypervelocity impacts'),
(51, 'Iberian Peninsula'),
(104, 'ican Barrier Reef System'),
(13, 'iculturalism'),
(24, 'Ideas'),
(1, 'identities'),
(82, 'ides baker'),
(89, 'iential'),
(31, 'ignty'),
(63, 'IISE Transactions'),
(116, 'IIT'),
(56, 'il Ecology'),
(108, 'il Ecology'),
(25, 'Illinois Danville Correctional Center'),
(140, 'Image Compression'),
(71, 'imeter'),
(26, 'immigrant detention'),
(33, 'immigrants'),
(9, 'immigration'),
(37, 'Immigration'),
(53, 'Immobile Servers'),
(117, 'Immun'),
(102, 'immune responses'),
(117, 'Immunology'),
(126, 'immunology'),
(55, 'Imposter Judgments'),
(8, 'inattentional blindness'),
(9, 'incarceration'),
(31, 'Indian Education'),
(95, 'Indiana University'),
(10, 'Indigenous communities'),
(104, 'Indigenous communities'),
(38, 'indigenous resistance'),
(6, 'individual bonds'),
(40, 'individual health'),
(53, 'industrial Engineer'),
(53, 'Industrial Engineering'),
(71, 'ines'),
(87, 'ines'),
(91, 'ines'),
(98, 'inesiology'),
(65, 'infectious disease transmission prevention'),
(37, 'Informal Economy'),
(131, 'Informal science education'),
(131, 'Informal STEM education'),
(41, 'information gaps'),
(62, 'information processing'),
(54, 'Information Sharing'),
(109, 'information sharing'),
(58, 'Information Systems'),
(59, 'Information Systems'),
(100, 'Information Systems'),
(107, 'Information Systems'),
(123, 'Information Systems'),
(128, 'Information Systems'),
(54, 'INFORMS'),
(105, 'Infrared spectroscopy'),
(74, 'ing Association'),
(28, 'ingu'),
(46, 'inhibitory control'),
(78, 'injury risk'),
(118, 'Innate immune evasion'),
(4, 'inology'),
(6, 'inology'),
(106, 'Inorganic chemistry'),
(78, 'insects'),
(101, 'Institute'),
(114, 'integral equations'),
(78, 'Integrative Biology'),
(78, 'Integrative Motor Behavior'),
(74, 'integrative physiologist'),
(39, 'intellectual history'),
(120, 'Intelligence'),
(109, 'Intelligent Agent Architectures'),
(140, 'intelligent database management systems'),
(109, 'Intelligent Information Management'),
(141, 'intelligent tutoring systems'),
(127, 'Intense Resistance Training Performance'),
(35, 'Intergenerational family relationships'),
(40, 'intergenerational relations'),
(21, 'intergroup conflict'),
(60, 'interior point constraint generation algorithm'),
(60, 'Interior point methods'),
(7, 'Internalizing'),
(21, 'international conflict resolution'),
(33, 'International Economics'),
(33, 'International Studies'),
(92, 'International Studies'),
(107, 'Internet'),
(100, 'Internet of Things'),
(67, 'Internship Coordinator'),
(138, 'internships'),
(50, 'intersectional analysis'),
(18, 'intersectional feminist journal'),
(52, 'intersectional methods'),
(13, 'Intersectionality'),
(20, 'Intersex'),
(74, 'interventions'),
(101, 'introduced species'),
(53, 'Inventory Planning'),
(11, 'iology'),
(123, 'IoT Security'),
(35, 'iquency Prevention Programs'),
(128, 'iQUEST'),
(71, 'irect Calorimeter'),
(118, 'iridoviruses'),
(22, 'IS'),
(42, 'IS'),
(63, 'ISE Transactions'),
(59, 'ision Support Systems'),
(119, 'islet amyloid polypeptide'),
(14, 'ism'),
(135, 'Isocitrate'),
(105, 'Isotope Exchange'),
(105, 'isotope systematics'),
(105, 'isotopic fractionation'),
(31, 'Issues'),
(28, 'istics'),
(116, 'IT'),
(33, 'Italian Americans'),
(33, 'Italian elections'),
(33, 'Italy'),
(92, 'ities'),
(126, 'IVIC ENGAG'),
(10, 'Johns Hopkins'),
(33, 'Johns Hopkins University'),
(4, 'Justice Studies'),
(6, 'Justice Studies'),
(37, 'Justice Studies'),
(43, 'Justice Studies'),
(6, 'Juvenile Delinquency'),
(43, 'Juvenile Delinquency'),
(6, 'juvenile justice system'),
(131, 'K12 students'),
(94, 'Kansas Medical Center'),
(93, 'Kendama'),
(12, 'Kent State University'),
(37, 'keynote presentations'),
(93, 'kinematics'),
(65, 'Kinesiology'),
(71, 'Kinesiology'),
(72, 'Kinesiology'),
(78, 'Kinesiology'),
(87, 'Kinesiology'),
(89, 'Kinesiology'),
(93, 'Kinesiology'),
(97, 'Kinesiology'),
(98, 'Kinesiology'),
(93, 'kinetics'),
(1, 'knitting community'),
(27, 'Koran shamanism'),
(27, 'Korean Shamanism'),
(17, 'Lab'),
(82, 'lactation'),
(67, 'lactation supportive environments'),
(45, 'Lake Tahoe'),
(114, 'Lame equation'),
(22, 'Land Use Planning'),
(121, 'Landscape Ecology'),
(28, 'Language Acquisition'),
(28, 'language maintenance'),
(1, 'language teaching materials'),
(5, 'Languages'),
(60, 'Large scale optimization'),
(36, 'Latin American Literature'),
(41, 'Latin American Literature'),
(38, 'Latin American Studies'),
(43, 'Latino Immigrants'),
(4, 'Latino student populations'),
(45, 'Latinx Studies'),
(24, 'LCC International University'),
(69, 'LCSW'),
(87, 'Learning'),
(43, 'legal consciousness'),
(98, 'level courses'),
(92, 'LGBT Community Center'),
(41, 'LGBTQ'),
(24, 'LGBTQ Religious Archives Network'),
(24, 'LGBTQ Religious History'),
(24, 'LGBTQ Rights'),
(5, 'Liberal Studies'),
(38, 'Liberal Studies'),
(79, 'Licensed Clinical Social Worker'),
(85, 'Licensed Clinical Social Worker'),
(96, 'Licensed Clinical Social Worker'),
(134, 'Life Cycle'),
(82, 'life history'),
(121, 'Linear Models'),
(114, 'linear trial functions'),
(1, 'linguistic anthropologist'),
(5, 'linguistic diversity'),
(15, 'linguistic theory'),
(5, 'linguistic universals'),
(28, 'linguistics'),
(50, 'literary theory'),
(136, 'live animals'),
(102, 'lizards'),
(59, 'load balancing mechanism'),
(53, 'Location of Competitive Facilities'),
(136, 'locomotion'),
(148, 'Logistics'),
(82, 'longevity'),
(149, 'low coordinate Nickel Complexes'),
(125, 'Low Powered Machine Learning'),
(149, 'low valent'),
(6, 'Lutheran University'),
(55, 'luxury marketing'),
(55, 'Luxury Status Signaling'),
(57, 'machine learning'),
(107, 'Machine learning'),
(109, 'Machine Learning'),
(148, 'Machine Learning'),
(129, 'Madras University'),
(106, 'magnetic compounds'),
(138, 'magnetic phenomena'),
(128, 'magntitude'),
(126, 'Major Histocompatibility Complex'),
(121, 'mammalian predator distributions'),
(54, 'Management'),
(59, 'Management'),
(57, 'Management Information Systems'),
(104, 'Marcos'),
(137, 'marine bacteria'),
(134, 'Marine Biotechnology'),
(134, 'Marine Coccolithophorid'),
(104, 'Marine Laboratory'),
(144, 'marine products'),
(104, 'marine symbiosis'),
(40, 'marital transitions'),
(54, 'Market dominance'),
(58, 'Market Scoring Rules'),
(55, 'marketing'),
(62, 'Marketing Communication Effects'),
(61, 'Marketing Doctoral Student Association'),
(61, 'Marketing Ethnic Faculty Association'),
(55, 'marketing pedagogy'),
(40, 'marriage'),
(115, 'Mary'),
(115, 'Marymount University'),
(14, 'Masculinities'),
(25, 'mass incarceration'),
(144, 'mass spectrometry'),
(106, 'materials'),
(138, 'materials physics'),
(11, 'maternal behavior'),
(67, 'maternal child health'),
(139, 'mathematical modeling'),
(58, 'mathematical optimization'),
(141, 'matic Reasoning Tool'),
(33, 'Max Ascoli'),
(104, 'May'),
(33, 'Mazzini Society'),
(54, 'McGill University'),
(93, 'Mechanical Engineering'),
(93, 'Mechanics'),
(54, 'Mechanism Design'),
(71, 'MedGem'),
(20, 'Media'),
(43, 'Media'),
(27, 'Media Arts'),
(17, 'media exposure'),
(27, 'Media Studies'),
(17, 'media violence exposure'),
(27, 'Mediatization'),
(144, 'Medical'),
(117, 'Medical Center'),
(93, 'medical imaging'),
(80, 'medical social worker'),
(30, 'medicalization'),
(129, 'Medicinal Chemist'),
(129, 'medicinal chemistry'),
(51, 'Mediterranean'),
(34, 'Mediterranean island'),
(119, 'membrane association'),
(49, 'memory tests'),
(66, 'men'),
(17, 'mental health'),
(32, 'mental health'),
(35, 'Mental Health'),
(70, 'mental health'),
(77, 'mental health'),
(83, 'mental health'),
(85, 'mental health'),
(86, 'mental health'),
(99, 'mental health'),
(17, 'Mental Health Study'),
(46, 'mental states'),
(137, 'Mentoring Program'),
(104, 'Mesoamerican Barrier Reef'),
(104, 'Mesoamerican Barrier Reef System'),
(66, 'metabolic responses'),
(135, 'Metal Binding'),
(106, 'metallomedicines'),
(68, 'methods'),
(45, 'Mexican American Studies'),
(121, 'Mexican fan palm invasion'),
(38, 'Mexico'),
(11, 'mice'),
(44, 'microaggressions'),
(142, 'microarray data'),
(56, 'Microbial Community Composition'),
(108, 'Microbial Community Composition'),
(134, 'Microbiology'),
(102, 'microhabitats'),
(105, 'Micrometeorite Hypervelocity impacts'),
(46, 'microorganisms'),
(134, 'Micropaleontology'),
(147, 'microplastics'),
(51, 'Middle Ages'),
(34, 'Middle Bronze village'),
(52, 'Middle East'),
(128, 'middle school science curriculum'),
(37, 'middle schools'),
(42, 'Migration'),
(38, 'Migration Studies'),
(23, 'Milankovitch cycles'),
(42, 'militarization'),
(97, 'mindfulness'),
(76, 'minority communities'),
(57, 'misinformation'),
(10, 'missionary histories'),
(29, 'Mixed martial arts training'),
(25, 'Mixed Methods Research'),
(26, 'Mixed Status Families'),
(23, 'modeling'),
(34, 'modeling'),
(132, 'modeling'),
(36, 'Modern Language Studies'),
(41, 'Modern Language Studies'),
(74, 'modifiable risk factors'),
(113, 'Molecular Biology'),
(118, 'molecular biology'),
(119, 'Molecular Biology'),
(56, 'Molecular Cell Biology'),
(108, 'Molecular Cell Biology'),
(134, 'Molecular Cell Biology'),
(124, 'molecular chaperones'),
(149, 'molecular gyroscopes'),
(3, 'monetary theory'),
(50, 'monster studies'),
(7, 'mood dysregulation'),
(45, 'moral economy'),
(136, 'morphological variation'),
(82, 'morphology'),
(28, 'morphosyntax'),
(54, 'Motivations'),
(78, 'motor control'),
(87, 'Motor Control'),
(93, 'motor control'),
(78, 'motor function'),
(93, 'Motor Learning'),
(72, 'Movement Anatomy'),
(87, 'Movement Anatomy'),
(88, 'Movement Sciences'),
(69, 'MSW'),
(73, 'multilevel interventions'),
(118, 'multiple'),
(72, 'multiple athletic training setting'),
(40, 'multiple family members'),
(78, 'multitouch computer input devices'),
(78, 'multitouch gestures'),
(121, 'Multivariate Analysis'),
(37, 'mural projects'),
(117, 'murine skin'),
(78, 'musculoskeletal design'),
(136, 'musculoskeletal differences'),
(93, 'musculoskeletal mechanics'),
(20, 'musicals'),
(135, 'Nafion Films'),
(120, 'Naïve Bayes Classifier'),
(105, 'Nanoplastics'),
(138, 'nanoscience'),
(31, 'National Advisory Council'),
(76, 'National Cancer Institute'),
(74, 'National Fire Protection Association'),
(46, 'national history'),
(9, 'National Latino Research Center'),
(76, 'National Pacific American Leadership Institute'),
(55, 'National Taiwan University'),
(21, 'National University of Singapore'),
(42, 'Nationalism'),
(65, 'Native American students'),
(1, 'Native California languages'),
(144, 'natural products lab'),
(53, 'Naval Research Logistics'),
(45, 'Neoliberal Neglect'),
(93, 'nerve compression injury'),
(148, 'Network Economics'),
(107, 'Network Security'),
(107, 'networked systems'),
(140, 'Neural Net'),
(105, 'Neural Networks'),
(133, 'neural signals'),
(87, 'neurological disease'),
(78, 'neuromechanical principles'),
(78, 'neuromechanical techniques'),
(78, 'neuromechanics'),
(78, 'neuromotor injury'),
(129, 'neuroscience'),
(133, 'Neurosecurity'),
(22, 'New Orleans'),
(26, 'News'),
(60, 'Newton method'),
(139, 'nitrogen deposition'),
(33, 'Nitze School'),
(102, 'nocturnal warming'),
(114, 'non smooth surfaces'),
(127, 'Non-science Majors'),
(60, 'Nondifferentiable optimization'),
(53, 'Nonlinear Integer Programming'),
(99, 'nonprofit administration'),
(96, 'Norfolk'),
(10, 'North American social movements'),
(86, 'North County'),
(101, 'North County Bridges'),
(18, 'North County Times'),
(37, 'North San Diego Community'),
(10, 'Northern Amazonia'),
(31, 'Northern Arizona University'),
(106, 'Northwestern University'),
(129, 'NovickBio'),
(114, 'numerical approximation'),
(114, 'numerical solution'),
(71, 'Nutrition Education'),
(74, 'obesity'),
(117, 'obesity'),
(65, 'obesity prevention'),
(76, 'obesity prevention'),
(78, 'occupational environment'),
(23, 'ocean color remote sensing'),
(23, 'ocean ecosystems'),
(23, 'Oceanography'),
(103, 'oceanography'),
(105, 'ochemistry'),
(113, 'ochemistry'),
(119, 'ochemistry'),
(127, 'ochemistry'),
(73, 'of Education Community Health program'),
(105, 'ogels'),
(23, 'ography'),
(12, 'Ohio State University'),
(27, 'Ohio University'),
(72, 'Ohio University'),
(40, 'older adults'),
(6, 'ology'),
(9, 'ology'),
(16, 'ology'),
(54, 'OM'),
(78, 'ome'),
(63, 'OMEGA'),
(53, 'Online Game System Design'),
(142, 'ontology'),
(20, 'opera'),
(54, 'Operations'),
(53, 'Operations Management'),
(54, 'Operations Management'),
(58, 'operations management'),
(59, 'Operations Management'),
(63, 'Operations Management'),
(127, 'optically active compounds'),
(125, 'Optimized Neuromorphic Computing'),
(137, 'opy'),
(121, 'Oregon'),
(111, 'Organic Chemistry'),
(115, 'Organic Chemistry'),
(137, 'organic chemistry'),
(124, 'organic molecules'),
(68, 'organizational development consulting'),
(68, 'organizational studies'),
(116, 'oring'),
(104, 'ors'),
(124, 'osmolytes'),
(129, 'otechnology'),
(98, 'otion'),
(121, 'Owyhee Uplands'),
(24, 'Oxford University Press'),
(74, 'oxidative stress mechanisms'),
(111, 'oxygen heterocycles'),
(146, 'oxygen isotope abundances'),
(146, 'oxygen isotope exchange'),
(105, 'oxygen isotopes'),
(105, 'Oxygen isotopic composition'),
(76, 'Pacific'),
(104, 'Pacific coast'),
(76, 'Pacific Islander Community Health Study'),
(32, 'pain tolerance'),
(10, 'Pakaraima Mountains'),
(5, 'Palatal'),
(23, 'paleoclimatology'),
(4, 'Palomar Community College'),
(92, 'Pan Asian Communities'),
(14, 'Panoptic Governance'),
(41, 'Paraguayan Illustrated Press'),
(120, 'Parental Scaffolding'),
(7, 'parenting behavior'),
(35, 'parolee rehabilitation'),
(24, 'pastoral mis'),
(118, 'pathogenesis'),
(4, 'pedagogy'),
(28, 'pedagogy'),
(52, 'pedagogy'),
(62, 'Pedagogy'),
(12, 'peer relationships'),
(2, 'pen'),
(110, 'penaid shrimp'),
(36, 'Peninsular Literature'),
(4, 'Pennsylvania State University'),
(87, 'Pepperdine University'),
(127, 'peptides'),
(136, 'perching'),
(121, 'perennial pepperweed invasion'),
(59, 'Performance Evaluation'),
(49, 'performance measures'),
(93, 'performance measures'),
(74, 'performance nutrition specialist'),
(28, 'performing arts'),
(35, 'personal development'),
(12, 'Personal Relationships'),
(133, 'personalized browser security'),
(129, 'pharmaceutical industries'),
(134, 'Phase Variation Events'),
(20, 'Philippines'),
(133, 'phishing detection'),
(74, 'phlebotomist'),
(15, 'phonetic variation'),
(15, 'phonetics'),
(111, 'phosphorescence'),
(105, 'photochemical species'),
(111, 'photochemistry'),
(88, 'Phys'),
(93, 'Physical Education'),
(82, 'physiological ecology'),
(101, 'physiological ecology'),
(78, 'physiology'),
(82, 'physiology'),
(71, 'Pilates instructor'),
(76, 'pilot exercise study'),
(76, 'pilot study'),
(93, 'pinch strength'),
(105, 'planetary science'),
(56, 'plant biotechnology'),
(108, 'plant biotechnology'),
(144, 'plant metabolomics'),
(23, 'plant systematics'),
(147, 'plastic pollution'),
(63, 'Pod Retrieval'),
(84, 'Policy Analysis Center'),
(10, 'political ecology'),
(30, 'political economy'),
(39, 'political philosophy'),
(31, 'political science'),
(31, 'Political Scientist'),
(8, 'politically motivated reasoning'),
(67, 'polycystic ovarian syndrome'),
(114, 'polygonal boundaries'),
(114, 'polygonal surfaces'),
(28, 'Polynesia'),
(119, 'polypeptides'),
(18, 'Pop Culture'),
(27, 'pop culture'),
(20, 'Popular Culture'),
(43, 'Popular Culture'),
(50, 'Popular Culture'),
(40, 'population aging'),
(121, 'Population Biology'),
(38, 'Porfirian Mexico'),
(139, 'portable infrared gas analyzers'),
(23, 'positional astronomy'),
(32, 'positive psychology'),
(42, 'Postcolonial Studies'),
(11, 'postdoctoral training'),
(144, 'practical application chemistry'),
(136, 'predatory songbirds'),
(58, 'predictive analytics'),
(121, 'predictive power'),
(12, 'predictors'),
(11, 'pregnant'),
(67, 'prenatal yoga'),
(67, 'Prenatal Yoga Teacher'),
(24, 'press coverage'),
(53, 'Preventive Health Care System Design'),
(58, 'Price Discovery'),
(53, 'Pricing'),
(59, 'Pricing'),
(59, 'Primary Care Appointment Systems'),
(78, 'primate animal models'),
(25, 'prison classroom'),
(71, 'private practice patients'),
(132, 'probability theory'),
(75, 'probation'),
(69, 'problem gambling'),
(43, 'problem solving courts'),
(54, 'Procurement Management'),
(55, 'product choice'),
(54, 'product cost advantage'),
(8, 'Professional Memberships'),
(13, 'professional organizations'),
(101, 'Program'),
(70, 'program development'),
(70, 'program evaluation'),
(99, 'program evaluation'),
(140, 'Programming'),
(24, 'Progressive Era'),
(53, 'Project Management'),
(61, 'Promotion Management'),
(87, 'prone padd'),
(62, 'Prosocial Marketing'),
(120, 'Prospective Control'),
(33, 'Prospective History'),
(34, 'Protected Areas'),
(124, 'protective effects'),
(113, 'protein folding'),
(24, 'Protestant sex scandals'),
(116, 'provenance analysis'),
(59, 'Proxy Caches'),
(32, 'psychiatric diagnostic supervisor'),
(32, 'psychological factors'),
(32, 'psychological risk factors'),
(17, 'Psychological Services'),
(65, 'Psychology'),
(68, 'Psychology'),
(120, 'psychology'),
(7, 'psychosocial functioning'),
(11, 'psychosocial measures'),
(85, 'PTSD recovery'),
(31, 'Public Administration'),
(3, 'public choice theory'),
(58, 'Public Facilities'),
(68, 'Public Health'),
(73, 'public health'),
(78, 'public health'),
(86, 'Public Health'),
(92, 'Public Health'),
(86, 'public health centers'),
(66, 'public health guidelines'),
(92, 'Public Health Services'),
(1, 'public identity work'),
(31, 'public law'),
(14, 'Public Policy'),
(21, 'Public Policy'),
(31, 'public policy'),
(35, 'Public Policy'),
(62, 'Public Relations'),
(24, 'Public Religion Research Institute'),
(37, 'Public Sociology'),
(62, 'purchase behavior'),
(114, 'quadratic convergence rates'),
(14, 'qualitative methodology'),
(74, 'quality assurance'),
(40, 'quality of life'),
(54, 'Quality Scores'),
(93, 'quantitative analysis'),
(23, 'quantitative Earth System scientist'),
(138, 'Quantum Design'),
(20, 'queer representations'),
(20, 'queerness'),
(4, 'Race'),
(14, 'Race'),
(16, 'race'),
(20, 'Race'),
(42, 'racial'),
(6, 'racial bias'),
(14, 'Racial Profiling'),
(14, 'racialization'),
(105, 'Radiation Damage'),
(114, 'radiosity equation'),
(118, 'ranaviruses'),
(132, 'Randomness'),
(82, 'Rapamycin'),
(110, 'RAPD markers'),
(17, 'rape crisis counselor'),
(78, 'rapid locomotion'),
(135, 'rate'),
(105, 'raterrestrial Particles'),
(101, 'rattlesnakes'),
(121, 'ravens'),
(95, 'Reading'),
(143, 'real software systems'),
(133, 'reality'),
(8, 'Reason'),
(112, 'reasoned interpretation'),
(46, 'reasoning'),
(141, 'Reasoning Tool'),
(134, 'recombinant cyanobacterial'),
(100, 'reconfigurable computing'),
(121, 'red brome'),
(97, 'reflection'),
(97, 'reflective practices'),
(19, 'regional learning'),
(22, 'Regional Planning'),
(67, 'Registered'),
(71, 'Registration'),
(110, 'Regression Tree Prediction Models'),
(32, 'Regulation'),
(74, 'regulatory support'),
(87, 'rehabilitation'),
(24, 'Religion'),
(27, 'religion'),
(33, 'Religion'),
(42, 'Religion'),
(24, 'Religion Program'),
(30, 'Remarriage'),
(23, 'Remote Sensing'),
(74, 'remote wellness modules'),
(139, 'remotely sensed data'),
(50, 'Reproductive'),
(101, 'reptile biology'),
(101, 'reptile species'),
(103, 'Research Images'),
(69, 'resilience'),
(77, 'resilience'),
(74, 'Resistance Training'),
(138, 'resistive random access memories'),
(138, 'resistive switching'),
(59, 'Resource Allocation'),
(116, 'resource usage'),
(1, 'Restoration Workshop'),
(4, 'Restorative Justice'),
(43, 'restorative justice'),
(80, 'restorative justice'),
(54, 'Retail Assortment'),
(54, 'Retail power'),
(53, 'Revenue Management'),
(53, 'Reverse Logistics'),
(14, 'Reverse Racism'),
(28, 'revitalization'),
(39, 'Revolution'),
(10, 'rewilding'),
(126, 'rhesus macaques'),
(129, 'ripps Research institute'),
(104, 'rising sea temperatures'),
(140, 'rks'),
(110, 'RNA viruses'),
(120, 'Road Safety'),
(63, 'Robot Scheduling'),
(87, 'robotic devices'),
(63, 'Robotic Mobile Fulfillment System'),
(131, 'robotics'),
(125, 'Robust Spiking Neural Networks'),
(111, 'Roche Vitamins'),
(130, 'rod'),
(111, 'Romania'),
(5, 'Romanian heritage speakers'),
(12, 'romantic partners'),
(12, 'romantic relationships'),
(10, 'Rupununi Savannah'),
(69, 'rural behavioral health agencies'),
(80, 'rural school district'),
(50, 's literature'),
(119, 'salmonella'),
(121, 'San Diego County'),
(76, 'San Diego State University'),
(121, 'San Diego Wild Animal Park'),
(121, 'San Dieguito River Park'),
(27, 'San Francisco State University'),
(31, 'San Francisco State University'),
(23, 'satellite algorithm'),
(68, 'school accountability'),
(23, 'scientific and technical computing'),
(23, 'scientific computing'),
(138, 'scientific outreach'),
(36, 'Second Language Acquisition'),
(64, 'secondary trauma'),
(142, 'Sections Menu'),
(100, 'Secure Features'),
(107, 'Secure Mobile Communication System'),
(59, 'Security'),
(66, 'sedentary individuals'),
(147, 'sedimentology'),
(106, 'Selective Fluoride Detection'),
(46, 'selective trust'),
(1, 'semantic dictionary'),
(1, 'semiotic resources'),
(4, 'sentencing outcomes'),
(2, 'service learning'),
(53, 'Service System Design'),
(132, 'service times'),
(87, 'setting'),
(20, 'sex work'),
(85, 'sexual assault'),
(12, 'Sexual Behavior'),
(18, 'Sexual Identity'),
(20, 'Sexual Identity'),
(50, 'Sexual Identity'),
(12, 'sexual relationships'),
(14, 'Sexuality'),
(20, 'Sexuality'),
(18, 'Sexuality Studies'),
(20, 'Sexuality Studies'),
(24, 'Sexuality Studies'),
(26, 'Sexuality Studies'),
(50, 'Sexuality Studies'),
(52, 'Sexuality Studies'),
(106, 'Shifts'),
(136, 'shrikes'),
(105, 'silicate melts'),
(130, 'silicon double quantum dot'),
(130, 'Silicon Quantum Electronics'),
(113, 'single molecule dyes'),
(113, 'single molecule fluorescence resonance energy transfer'),
(143, 'single software systems'),
(46, 'skepticism'),
(19, 'skill development'),
(61, 'skydiving industry'),
(136, 'small mammals'),
(115, 'small molecule synthesis'),
(102, 'snakes'),
(23, 'snow remote sensing'),
(23, 'Snow Science'),
(44, 'Soci'),
(18, 'social activism'),
(26, 'social activism'),
(29, 'Social Behavior'),
(4, 'Social Behavioral Research Institute'),
(46, 'social cognitive development'),
(43, 'social constructions'),
(15, 'social contexts'),
(6, 'Social Control'),
(96, 'Social Determinants of Health'),
(12, 'social development'),
(29, 'social functioning'),
(6, 'Social Justice'),
(9, 'social justice'),
(22, 'Social Justice'),
(73, 'social justice'),
(84, 'social justice'),
(43, 'social justice movements'),
(46, 'social life'),
(5, 'Social Media'),
(57, 'social media'),
(63, 'Social Media'),
(32, 'social models'),
(18, 'Social Movements'),
(27, 'social movements'),
(48, 'Social Organization'),
(41, 'social participation'),
(4, 'Social Problems'),
(21, 'Social Psychology'),
(35, 'social psychology'),
(38, 'Social SciencesMA'),
(30, 'social service agencies'),
(86, 'social services'),
(12, 'social skills'),
(104, 'social systems'),
(35, 'Social Theory'),
(30, 'Social Welfare'),
(57, 'social welfare'),
(70, 'Social Welfare'),
(96, 'social welfare policies'),
(70, 'Social Work'),
(77, 'Social Work'),
(83, 'Social Work'),
(99, 'social work education'),
(99, 'Social Work Futures Lab'),
(81, 'social work students'),
(54, 'Society'),
(15, 'sociolinguistics'),
(37, 'Sociological Association'),
(35, 'Sociological Mindfulness'),
(30, 'Sociological Scholarship'),
(4, 'Sociological Theory'),
(35, 'Sociological Theory'),
(35, 'Sociology'),
(14, 'sociology of knowledge'),
(14, 'sociology of law'),
(13, 'sociopoetics'),
(128, 'software applications'),
(143, 'software architectures'),
(116, 'software code smell batch ref'),
(109, 'Software Engineering'),
(116, 'Software Engineering'),
(143, 'software engineering'),
(143, 'software product'),
(143, 'software product lines'),
(143, 'software products'),
(143, 'software tools'),
(139, 'soil organic carbon storage'),
(105, 'Solar System'),
(5, 'sound patterns'),
(143, 'source code'),
(10, 'South America'),
(20, 'Southeast Asian cinema'),
(139, 'southern California drylands'),
(34, 'Southwest Asia'),
(105, 'Space Weathering'),
(57, 'Spark'),
(15, 'Speaker Recognition'),
(15, 'speaking tempo'),
(83, 'special education systems'),
(34, 'species distribution'),
(134, 'specificity factor'),
(139, 'spectral reflectance'),
(147, 'spectroscopy'),
(15, 'speech evidence'),
(138, 'spin reorientation'),
(66, 'spinal cord injury'),
(90, 'spiritual distress risk screening'),
(10, 'spiritual ecology'),
(97, 'sport pedagogy'),
(74, 'Sports Medicine'),
(87, 'Sports Medicine'),
(102, 'squamate reptiles'),
(114, 'stability result'),
(114, 'stability theory'),
(41, 'Staff Association'),
(67, 'Stage Management'),
(5, 'Standard English Challenge'),
(93, 'Stanford University'),
(59, 'State of the Art'),
(130, 'state physics'),
(69, 'state psychiatric hospital'),
(4, 'State University'),
(9, 'State University'),
(31, 'State University'),
(39, 'State University'),
(41, 'State University'),
(121, 'statistical habitat models'),
(16, 'statistics'),
(87, 'Statistics'),
(126, 'stem cell immunogenetics'),
(53, 'Stochastic Demand'),
(132, 'stochastic networks'),
(132, 'stochastic processes'),
(132, 'stochastic processing networks'),
(70, 'strategic planning'),
(4, 'stratification'),
(138, 'straw tracking detector'),
(32, 'stress'),
(7, 'Stress Physiology'),
(124, 'stress proteins'),
(66, 'Stress Testing'),
(7, 'stressors'),
(55, 'structural equations modeling'),
(96, 'structural racism'),
(32, 'Structured Clinical Interviews'),
(44, 'student'),
(56, 'Student Attitudes'),
(108, 'Student Attitudes'),
(9, 'student club'),
(65, 'Student Development Program'),
(9, 'student mentoring'),
(4, 'student oriented service'),
(101, 'Student Success Coaching'),
(9, 'Student Support Services'),
(43, 'students'),
(10, 'Studies'),
(39, 'Studies'),
(52, 'Studies'),
(65, 'substance abuse'),
(99, 'substance use services'),
(134, 'substrate specificity factor'),
(53, 'Supply Chain Management'),
(54, 'Supply Chain Management'),
(58, 'Supply Chain Management'),
(63, 'Supply Chain Management'),
(148, 'Supply Chain Management'),
(53, 'Supply Chain Network Design'),
(54, 'Supply Competition'),
(55, 'survey research methods'),
(45, 'sustainability'),
(147, 'sustainability'),
(19, 'sustainable development'),
(19, 'sustainable economies'),
(111, 'Swiss Confederation Postdoctoral Fellow'),
(10, 'syncretism'),
(28, 'syntactic description'),
(47, 'Syntactic variation'),
(149, 'Synthesis'),
(113, 'synthetic biochemistry'),
(53, 'Systems'),
(59, 'Systems'),
(100, 'Systems'),
(109, 'Systems'),
(140, 'Systems'),
(141, 'Systems'),
(142, 'Systems'),
(143, 'systems'),
(117, 'T cell function'),
(142, 'ta'),
(27, 'Taoism'),
(38, 'Tarahumara Resistance'),
(37, 'Tattooing'),
(110, 'Taura Syndrome Virus'),
(135, 'Teach Scientific Writing'),
(95, 'Teacher Licensure Program'),
(99, 'teaching'),
(37, 'teaching philosophy'),
(109, 'team collaboration'),
(89, 'Teamb'),
(70, 'technical assistance'),
(78, 'technological interventions'),
(59, 'Technology Management'),
(13, 'Teenage Motherhood'),
(74, 'Telehealth'),
(27, 'Teleritual'),
(63, 'Terminal Operations Management'),
(139, 'terrestrial ecosystems'),
(27, 'Territorialization'),
(56, 'th'),
(108, 'th'),
(24, 'Theology'),
(46, 'theory of mind'),
(119, 'thin'),
(112, 'thorough analysis'),
(114, 'time dependent problems'),
(117, 'tissue repair'),
(32, 'tobacco'),
(110, 'tools'),
(93, 'touchscreen interaction'),
(14, 'Traffic Stops'),
(20, 'trans healthcare'),
(10, 'transfronterismo'),
(149, 'transition metal complexes'),
(139, 'transitional tropical forest ecosystems'),
(36, 'Translation Studies'),
(117, 'translational research'),
(52, 'Transnational Feminisms'),
(42, 'Transnational Studies'),
(20, 'TransPilipinas Anthology'),
(58, 'Transportation Science'),
(20, 'Transsexual Women'),
(69, 'trauma'),
(70, 'trauma'),
(85, 'traumatic stress'),
(69, 'treatment mall'),
(104, 'Triangle Ranch Conservation Area'),
(80, 'tribal communities'),
(31, 'Tribal Leadership'),
(31, 'Tribal Sovereignty'),
(60, 'trust region'),
(137, 'Tulane University'),
(103, 'Turbulence'),
(27, 'TV Drama'),
(117, 'type 2 diabetes'),
(5, 'typology'),
(137, 'UC'),
(113, 'UC Berkeley'),
(137, 'UC San Diego'),
(2, 'ular'),
(146, 'ultra high vacuum with electron source'),
(113, 'ultrasensative fluorescence microscopes'),
(13, 'ulum'),
(35, 'ulum'),
(129, 'Undergraduate Degree Program'),
(98, 'undergraduate education'),
(129, 'undergraduate majors'),
(46, 'undergraduate training'),
(9, 'undocumented immigrants'),
(43, 'undocumented young adults'),
(84, 'UNICEF'),
(40, 'union dissolution'),
(21, 'United Nations'),
(6, 'United States'),
(22, 'United States'),
(24, 'United States'),
(32, 'United States'),
(33, 'United States'),
(43, 'United States'),
(48, 'United States'),
(13, 'University'),
(21, 'University'),
(42, 'University'),
(72, 'University'),
(87, 'University'),
(89, 'University'),
(93, 'University'),
(94, 'University'),
(96, 'University'),
(111, 'University'),
(115, 'University'),
(134, 'University'),
(135, 'University Ball Committee'),
(24, 'University of Notre Dame'),
(39, 'University Press of Mississippi'),
(135, 'University Service'),
(46, 'unreliable sources'),
(92, 'UPAC'),
(93, 'Upper limb biomechanics'),
(93, 'upper limb function'),
(93, 'upper limb nerve conduction'),
(19, 'Urban Geography'),
(84, 'urban policy'),
(137, 'ure'),
(101, 'ureate Program'),
(4, 'US'),
(91, 'US'),
(101, 'US'),
(102, 'US'),
(26, 'US Immigration Policy'),
(123, 'usable security'),
(128, 'USGS'),
(34, 'utility corridors'),
(126, 'vaccines'),
(130, 'Valley blockade'),
(5, 'variation'),
(140, 'Vector Quantization'),
(23, 'vegetation remote sensing'),
(104, 'Veracruzano Reef System'),
(101, 'vertebrates'),
(77, 'veterans'),
(116, 'Vias'),
(39, 'Video Games'),
(17, 'violence exposure'),
(110, 'viral pathogenesis'),
(117, 'Viral Vaccine Studies'),
(99, 'Virginia Commonwealth University'),
(117, 'Virology'),
(126, 'virology'),
(98, 'virtual environments'),
(128, 'virtual labs'),
(98, 'Virtual Reality'),
(120, 'virtual reality'),
(8, 'Visual attention'),
(49, 'Visual Memory'),
(141, 'visual reasoning models'),
(49, 'visual representations'),
(49, 'visual search'),
(23, 'visualization'),
(142, 'visualization'),
(23, 'visualizations'),
(15, 'voice quality'),
(68, 'Volunteer service'),
(41, 'War of the Triple Alliance'),
(14, 'War on Drugs'),
(63, 'Warehousing Decision Support tools'),
(106, 'Water Purification'),
(121, 'water supplementation'),
(73, 'Wayne State University'),
(140, 'Web programming'),
(53, 'Web Services Planning'),
(133, 'Website fingerprinting'),
(59, 'Website Requests'),
(94, 'Weight Management'),
(74, 'weightlifting coach'),
(43, 'welfare fraud diversion'),
(48, 'Welfare Reform'),
(51, 'western Mediterranean'),
(29, 'Western Psychological Association'),
(19, 'wine industry'),
(52, 'womanist'),
(41, 'women'),
(50, 'women'),
(66, 'women'),
(137, 'Women'),
(13, 'women of color'),
(84, 'women\'s health'),
(18, 'Women\'s Studies'),
(34, 'woody trees'),
(81, 'Work'),
(92, 'World Health Organization'),
(22, 'World Regional Geography'),
(117, 'wound healing complications'),
(24, 'Yale Divinity School'),
(71, 'yoga'),
(12, 'young adulthood'),
(12, 'young adults'),
(22, 'youth participation'),
(105, 'ysics'),
(104, 'Yucatan Peninsula'),
(25, 'Zombie Sociology');

-- --------------------------------------------------------

--
-- Table structure for table `faculty_tags`
--

CREATE TABLE `faculty_tags` (
  `keyword` varchar(767) NOT NULL
) ENGINE=InnoDB DEFAULT CHARSET=utf8;

--
-- Dumping data for table `faculty_tags`
--

INSERT INTO `faculty_tags` (`keyword`) VALUES
('academia'),
('Academic'),
('academic performance'),
('academic preparedness'),
('academic senate'),
('academic training'),
('acculturation'),
('accumulated exercise'),
('achiral compounds'),
('Action Research'),
('Action Research Network'),
('action research theory'),
('Activate Computational Thinking'),
('active learning'),
('Acute Caffeine Ingestion'),
('acute stress'),
('addiction'),
('addictions'),
('addictive behaviors'),
('adolescence'),
('adolescents'),
('Adoptions'),
('adult protective services'),
('Adults'),
('Advanced Decision Support Systems'),
('advertising'),
('Advisory Council'),
('Affirmative Action'),
('African Diaspora Studies'),
('afterschool program'),
('aggregation'),
('aggregative fimbriae'),
('Aging'),
('Alaska Natives'),
('Alaskan Arctic'),
('algorithmic ethics'),
('Alliant International University'),
('ally'),
('alternative respiratory pathways'),
('American Cancer Society'),
('American Culture'),
('American Dietetic Association'),
('American Foreign Policy'),
('American foreign relations'),
('American Heart Association'),
('American Indian Education'),
('American Indian Studies'),
('American Protestantism'),
('American Studies'),
('amino acids'),
('Analysis'),
('Analytic center cutting plane method'),
('analytical chemistry'),
('Analytics'),
('ance'),
('Animal Genetics'),
('animal metabolites'),
('ANOVA'),
('anthrop'),
('antigenic variation'),
('anxiety'),
('Applied Linguistics'),
('applied wildlife ecology'),
('Aragonite Growth'),
('ArcGIS'),
('Archaeozoology'),
('Architectural History'),
('Architecture'),
('argeGen'),
('Arizona State University'),
('artificial intelligence'),
('artificial neural networks'),
('Arts'),
('Asia'),
('Asian American Studies'),
('Association'),
('assortment decisions'),
('astrophysical conditions'),
('astrophysics'),
('Athletic Injuries'),
('atmospheric chemistry'),
('ators'),
('ATPase Activities'),
('attentional blink'),
('Autism Spectrum Disorder'),
('Award'),
('backpack carriage'),
('backpack load carriage'),
('backpack palsy'),
('bacterial cur'),
('bail decision making'),
('Banking'),
('Barrio Criminology'),
('Barrio Popular Culture'),
('Baseball'),
('baseball industry'),
('based security assurance'),
('bay Research Web Service'),
('Beck'),
('behavior change'),
('Behavioral Neuroscience'),
('behavioral outcomes'),
('Behavioral Phenotypes'),
('Behavioral Science'),
('behavioral sciences'),
('belief bias'),
('benzofurans'),
('beria'),
('bias'),
('bias triangles'),
('big data analytics'),
('bilingual first language acquisition'),
('binational health issues'),
('Binding'),
('Biochemistry'),
('bioconjugation'),
('biofuels'),
('biogeography'),
('Bioinformatics'),
('Bioinorganic Chemistry'),
('biological activities'),
('Biological Chemistry'),
('Biological data analysis'),
('biological research'),
('Biology'),
('biome'),
('biomechanical principles'),
('Biomechanics'),
('biomedical applications'),
('biomedicine'),
('Biomineralization Proteins'),
('biophysical techniques'),
('biophysics'),
('BIOT257'),
('BIOT497'),
('biotechnology'),
('birds'),
('Black feminism'),
('Black Lives Matter Movement'),
('Black Studies'),
('Blockchain'),
('Blockchain Decentralized Application'),
('blockchain technology'),
('board volume'),
('book Generation Algorithm'),
('Border Identities'),
('border pedagogy'),
('Border Studies'),
('Border Water Conflicts'),
('botany'),
('boundary integral equations'),
('Boyle Heights'),
('Boys and Girls Clubs'),
('brain computer interface'),
('Brazil'),
('brokerage sector'),
('Buddhism'),
('Buddhist monk'),
('BumpChat'),
('Business Analytics'),
('Business Forecasting'),
('Business Statistics'),
('CAD systems'),
('calcification'),
('Calcifying Cells'),
('California'),
('California Indian Culture'),
('California Indian Sovereign Nations'),
('California Local Control Funding Formula'),
('California Native American Research Centers'),
('California State University'),
('caloric restriction'),
('campus climate'),
('cancer'),
('cancillerías'),
('capacity development'),
('captive shrikes'),
('Carbon D'),
('cardboard'),
('cardiac patients'),
('cardiorespiratory fitness'),
('cardiovascular disorders'),
('Career Mentoring Program'),
('career mentors'),
('Carib linguistic family'),
('carrier hopping mechanism'),
('Castilian Chancery'),
('cDNA Microarrays'),
('CE'),
('CEH'),
('CEHHS'),
('cellular stress'),
('Certified Employee Assistance Professional'),
('certified trainer'),
('chaperone activity'),
('Character Education'),
('characteristics'),
('cheatgrass'),
('chemical biology'),
('Chemical Education'),
('chemical potential space'),
('Chemistry'),
('chemistry of living systems'),
('Chicago Medical School'),
('Child Abuse Hotline'),
('Child Abuse Investigations'),
('child development'),
('child protection'),
('Child Protective Services'),
('Child Psychiatry'),
('Child Sexual Abuse'),
('Child Sexual Abuse Prevention'),
('child stunting'),
('child welfare'),
('Child Welfare Services'),
('Child Welfare Social Workers'),
('childhood trauma'),
('Children'),
('Chinese Studies'),
('chiral molecules'),
('chocolate'),
('chronic disease'),
('chronic disease management'),
('chronic parasite infection'),
('church bodies'),
('Cincinnati'),
('cinema'),
('circuity'),
('Citizenship'),
('civil gang injunctions'),
('Class'),
('Class Politics'),
('classifying meteorite remnants'),
('click chemistry'),
('climate change'),
('climate changes'),
('climate justice'),
('Climate Science'),
('Clinical Cardiac Program'),
('clinical health psychologist'),
('Clinical Health Psychology'),
('clinical psychology'),
('clinical trials'),
('cloud computing'),
('cloud computing networks'),
('coastal microbial diversity'),
('Coastal Microbial Ecology'),
('Coastal Miwok'),
('coccolithogenesis'),
('Coccolithophore'),
('Coccolithophorid Emiliania h'),
('Coccolithophorids'),
('code smell refactoring'),
('coding'),
('Cognition Certificate'),
('cognitive abilities'),
('Cognitive modeling'),
('Cognitive Processes'),
('Cognitive Psychology'),
('cognitive reflection'),
('cognitive rehabilitation'),
('Cognitive Science'),
('CoinCrowder'),
('cold exposure'),
('collective trauma'),
('college adjustment'),
('college campuses'),
('college health'),
('College Physical Education'),
('college students'),
('collocation method'),
('combat veterans'),
('Common Raven'),
('community'),
('community colleges'),
('community engagement'),
('community grounded leaders'),
('community health'),
('community health nursing'),
('Community Impact'),
('community language researchers'),
('community members'),
('Community Partnerships'),
('community seminars'),
('comparative biomechanics'),
('compassion'),
('Competitive induction'),
('composition'),
('computational biology'),
('Computational Chemistry'),
('Computational System Bioinformatics Conference'),
('computational tools'),
('computer'),
('Computer graphics'),
('computer networks'),
('computer science'),
('Computer Security'),
('condensed matter physicist'),
('condensed matter physics'),
('Conference'),
('Conference Presentations'),
('conference proceedings'),
('conformation changes'),
('Congestion'),
('conic optimization'),
('conifer forests'),
('conservation areas'),
('Conservation Biology'),
('consumer behavior'),
('Consumer Choice'),
('Consumer Marketing'),
('consumer psychology'),
('Consumer Technology Interactions'),
('consumption'),
('contemplative pedagogical practices'),
('Continental philosophy'),
('Continuous Double Auctions'),
('conversational language'),
('Conversational Tutoring Systems'),
('Convivial Labor'),
('cookie management'),
('Corbino geometry'),
('corner stores'),
('Corporate Prediction Markets'),
('Corticosterone'),
('Cosmochemistry'),
('courses'),
('Court Mediation Process'),
('court process'),
('courts'),
('CPR'),
('Creative Writing'),
('Credibility'),
('Crime'),
('Crime Control'),
('criminal legal system'),
('criminalization'),
('criminological theory'),
('Criminology'),
('Critical Criminology'),
('Critical Education'),
('critical ethnic studies'),
('critical immigration studies'),
('critical police studies'),
('Critical Race Studies'),
('critical race theory'),
('critical social skill'),
('Critical Thinking Assessment'),
('Crosslinguistic Investigation'),
('crown gall disease'),
('Crows'),
('Cryptocurrency'),
('Cryptography'),
('CSIS students'),
('CSTEM'),
('CSUS'),
('CSUSM'),
('cultural adaptation'),
('cultural maintenance'),
('cultural psychologist'),
('cultural strengths'),
('cultural work'),
('cumulative marital trajectories'),
('Curric'),
('Curriculum'),
('curriculum vit'),
('Curriculum Vitae'),
('Cyber Memorial Zones'),
('cyber security'),
('Cyber Security Education'),
('CyberQUEST'),
('Cybersecurity'),
('CyberTEAM'),
('cycles'),
('cynomolgus'),
('Cypriot Native Plants'),
('dairy'),
('Data'),
('data processing'),
('data sciences'),
('data specialist'),
('databases'),
('dating app use'),
('Dayton'),
('decentralized networks'),
('deceptive sources'),
('Decision Analysis'),
('Decision Models'),
('Decision Support Systems'),
('decolonial studies'),
('Deep Learning'),
('dehydration'),
('democracy'),
('demographic population models'),
('demographics'),
('Developmental Psychobiology Research Group'),
('developmental psychologist'),
('developmental psychopathology'),
('developmental trauma'),
('Dia de Los Muertos'),
('diabetes'),
('diasporic communities'),
('dictionaries'),
('Diels Alder reactions'),
('diet ecology'),
('Differential Object Marking'),
('Digital Embedded Systems'),
('Digital History'),
('digital marketing'),
('Digital Spirituality'),
('Digital Watermarking'),
('diketopiperazine'),
('dinoflagell'),
('Dirichlet boundary conditions'),
('discrimination'),
('discursive practices'),
('disease detection'),
('disease prevention'),
('disparities'),
('distance running'),
('distress tolerance'),
('distributed computing'),
('distributed software'),
('distributed software applications'),
('diverse student populations'),
('Divorce'),
('DNA Ancestry Tests'),
('domestic politics'),
('domestic violence'),
('Domestic Violence Prevention'),
('domestication'),
('double layer ansatz'),
('double layer potential'),
('dual use'),
('duality'),
('é'),
('Earth System Science'),
('Earthquake Plotting'),
('earthquakes'),
('Eastern philosophy'),
('Eastern Washington University'),
('Ecology'),
('economic Theory'),
('Economics'),
('ed Physical Education'),
('eddy covariance'),
('Education'),
('educational administration'),
('Educational Opportunity Program'),
('Educational Opportunity Programs'),
('Educational Psychology'),
('educational video games'),
('effective therapies'),
('Elaborative feedback'),
('elders'),
('electronic cigarettes'),
('electronic conduction'),
('Elementary Schools'),
('Elevated Temperatures'),
('elevation gradient'),
('Embedded Systems'),
('Emerging Adulthood'),
('emotion'),
('Emotional Curriculum podcast'),
('emotional learning'),
('empathy'),
('Empirical Operations Management'),
('employee assistance'),
('empowerment'),
('endangered species'),
('endocrine disorder'),
('endothelial adaptations'),
('Endothelial function'),
('ene'),
('Energetic Sustainable Adaptive Clustering Protocol'),
('Energy Aware LEACH Protocol'),
('energy consumption'),
('Energy Efficiency'),
('energy exchange'),
('energy fluxes'),
('Engineering'),
('Engineering Mechanics'),
('English'),
('English Grammar'),
('English Language Arts'),
('ension'),
('environmental anthropology'),
('environmental contexts'),
('Environmental Geogarphy'),
('Environmental Geography'),
('Environmental Geoscientist'),
('environmental justice'),
('environmental risk factors'),
('environmental science'),
('Environmental Studies'),
('environmental sustainability'),
('Epidemiology'),
('Epimmune'),
('ergative intervention'),
('ergativity'),
('ergonomic design'),
('ersaturations'),
('EST Expression'),
('Ethical Participation'),
('ethical questions'),
('ethnic minority groups'),
('Ethnic Studies'),
('ethnicity'),
('Ethnobotany garden'),
('ethnogerontology'),
('eucaryotic marine algae'),
('European Americans'),
('Evolution'),
('evolutionary morphology'),
('Executive Function'),
('Executive Functioning'),
('Executive Nurse'),
('Executive Nurse Leadership'),
('Exercise Fitness'),
('Exercise Nutrition'),
('Exercise Physiology'),
('Exercise Prescription'),
('experiential learning program'),
('Eye movement Control'),
('eye movement monitoring'),
('eyewitness memory'),
('Face memory'),
('Facilities'),
('Facility Logistics Management'),
('faculty'),
('Faculty Advisor'),
('faculty development'),
('Faculty Innovation'),
('Faculty Mentoring'),
('Faculty Online Learning Communities'),
('faculty union'),
('fairness'),
('Faith'),
('fake news'),
('falcons'),
('fall preventation education program'),
('false memory'),
('family'),
('family formation'),
('family issues'),
('family processes'),
('family resource centers'),
('Family Services'),
('Family Therapy'),
('family transition'),
('Family Violence'),
('family wealth'),
('fat utilization'),
('feasting'),
('Federal Courts'),
('Federal Health Professionals'),
('Federal Indian Policy'),
('feminist pedagogy'),
('Field Practicum'),
('Filipino American Community Life'),
('Filipino Masculinity'),
('film studies'),
('filtered cigarettes'),
('Finance'),
('financial advisors'),
('financial concerns'),
('Financial Forecasting'),
('Fitness Information Technology'),
('Florida Keys'),
('Florida Microbiome Project'),
('Florida State University'),
('flow injection'),
('fluorescence'),
('Fluorescent Aerogels'),
('Folding Properties'),
('food banks'),
('foraging mode'),
('force sensors'),
('forecasting'),
('Forensic Phonetics'),
('forensic speaker identification'),
('Forensic Speech Science'),
('forensics'),
('forest ecology'),
('foster care system'),
('foster youth'),
('Francophone culture'),
('freeload'),
('French colonialism'),
('French grammar'),
('French postmodern philosophy'),
('French Revolution'),
('freshwater'),
('Frog virus 3'),
('frogs'),
('Fulfillment Planning'),
('functional genomics'),
('functional performance capabilities'),
('fundraising'),
('Gaet'),
('Gait Timing'),
('gambling'),
('Game Theory'),
('gang injunction laws'),
('Gangs'),
('Gem'),
('Gender'),
('gendered'),
('gendered social control'),
('general chemistry'),
('General Psychology'),
('genetic algorithms'),
('genetic factors'),
('Genetic Markers'),
('Genetic Programming'),
('genetics'),
('genome restructuring'),
('genomic data'),
('Genomics'),
('gentamicin'),
('Geographic Information Systems'),
('geophysics'),
('Germanic Linguistics'),
('Gilded Age'),
('GIS'),
('Global Capitalism'),
('Global Change Biology'),
('global health'),
('global marketing'),
('global marketing strategy'),
('global simulations'),
('Government'),
('Governmentality'),
('graduate program'),
('graduate students'),
('grammar'),
('grammars'),
('Great Grocer Project'),
('grip strength'),
('grocery stores'),
('GroEL'),
('GTP'),
('Guest Exchange Kinetics'),
('Guiana Highlands'),
('Guide books'),
('habitat change'),
('habitat disturbance'),
('Hadoop'),
('Haitian history'),
('Haitian Studies Association'),
('hawks'),
('Healing Lab'),
('health'),
('health diplomacy'),
('health disparities'),
('Health Disparities Program'),
('health promotion'),
('health promotion interventions'),
('health science'),
('health technology assessments'),
('Healthcare Analytics'),
('healthcare application'),
('healthcare settings'),
('HEART'),
('heat equation'),
('helicobacter pylori'),
('Helicobacter Pylory'),
('Heligmos'),
('Heligmosomoides bakeri'),
('hematical Conferences'),
('Hematopoietic Necrosis Virus'),
('heritage language'),
('heritage language acquisition'),
('heritage language grammar'),
('hesitation markers'),
('Heterogenous Wireless Ad Hoc Networks'),
('Heterosexual Partnering'),
('high'),
('high intensity interval training'),
('High School'),
('high school students'),
('high schools'),
('higher education'),
('higher education outcomes'),
('Highly Efficient Learning Engine'),
('HIIT'),
('hindsight bias'),
('Hispanic Excellence'),
('Hispanic literature'),
('Hispanic Outcomes'),
('historian'),
('Historical Association'),
('historical ecological landscape'),
('historical ecology'),
('History'),
('HIV Prevention Health Planner'),
('HIV proteases'),
('holistic healing'),
('Home kitchen gardens'),
('homeless adults'),
('homelessness'),
('horned lizards'),
('horror films'),
('hospital settings'),
('host species shifts'),
('hotline intervention'),
('Household Chemistry Projects'),
('HS'),
('Hsp60'),
('Hsp60 Protein'),
('human'),
('human computer interaction'),
('Human Development'),
('Human factors'),
('Human landscape use'),
('Human Movement'),
('Human Service Organizations'),
('Human Services'),
('human walking'),
('humans'),
('Hymenolepis microstoma coinfection'),
('Hyp'),
('HyperDimensional Computing'),
('Hypersurveillance'),
('Hypervelocity'),
('Hypervelocity impacts'),
('Iberian Peninsula'),
('ican Barrier Reef System'),
('iculturalism'),
('Ideas'),
('identities'),
('ides baker'),
('iential'),
('ignty'),
('IISE Transactions'),
('IIT'),
('il Ecology'),
('Illinois Danville Correctional Center'),
('Image Compression'),
('imeter'),
('immigrant detention'),
('immigrants'),
('immigration'),
('Immobile Servers'),
('Immun'),
('immune responses'),
('Immunology'),
('Imposter Judgments'),
('inattentional blindness'),
('incarceration'),
('Indian Education'),
('Indiana University'),
('Indigenous communities'),
('indigenous resistance'),
('individual bonds'),
('individual health'),
('industrial Engineer'),
('Industrial Engineering'),
('ines'),
('inesiology'),
('infectious disease transmission prevention'),
('Informal Economy'),
('Informal science education'),
('Informal STEM education'),
('information gaps'),
('information processing'),
('Information Sharing'),
('Information Systems'),
('INFORMS'),
('Infrared spectroscopy'),
('ing Association'),
('ingu'),
('inhibitory control'),
('injury risk'),
('Innate immune evasion'),
('inology'),
('Inorganic chemistry'),
('insects'),
('Institute'),
('integral equations'),
('Integrative Biology'),
('Integrative Motor Behavior'),
('integrative physiologist'),
('intellectual history'),
('Intelligence'),
('Intelligent Agent Architectures'),
('intelligent database management systems'),
('Intelligent Information Management'),
('intelligent tutoring systems'),
('Intense Resistance Training Performance'),
('Intergenerational family relationships'),
('intergenerational relations'),
('intergroup conflict'),
('interior point constraint generation algorithm'),
('Interior point methods'),
('Internalizing'),
('international conflict resolution'),
('International Economics'),
('International Studies'),
('Internet'),
('Internet of Things'),
('Internship Coordinator'),
('internships'),
('intersectional analysis'),
('intersectional feminist journal'),
('intersectional methods'),
('Intersectionality'),
('Intersex'),
('interventions'),
('introduced species'),
('Inventory Planning'),
('iology'),
('IoT Security'),
('iquency Prevention Programs'),
('iQUEST'),
('irect Calorimeter'),
('iridoviruses'),
('IS'),
('ISE Transactions'),
('ision Support Systems'),
('islet amyloid polypeptide'),
('ism'),
('Isocitrate'),
('Isotope Exchange'),
('isotope systematics'),
('isotopic fractionation'),
('Issues'),
('istics'),
('IT'),
('Italian Americans'),
('Italian elections'),
('Italy'),
('ities'),
('IVIC ENGAG'),
('Johns Hopkins'),
('Johns Hopkins University'),
('Justice Studies'),
('Juvenile Delinquency'),
('juvenile justice system'),
('K12 students'),
('Kansas Medical Center'),
('Kendama'),
('Kent State University'),
('keynote presentations'),
('kinematics'),
('Kinesiology'),
('kinetics'),
('knitting community'),
('Koran shamanism'),
('Korean Shamanism'),
('Lab'),
('lactation'),
('lactation supportive environments'),
('Lake Tahoe'),
('Lame equation'),
('Land Use Planning'),
('Landscape Ecology'),
('Language Acquisition'),
('language maintenance'),
('language teaching materials'),
('Languages'),
('Large scale optimization'),
('Latin American Literature'),
('Latin American Studies'),
('Latino Immigrants'),
('Latino student populations'),
('Latinx Studies'),
('LCC International University'),
('LCSW'),
('Learning'),
('legal consciousness'),
('level courses'),
('LGBT Community Center'),
('LGBTQ'),
('LGBTQ Religious Archives Network'),
('LGBTQ Religious History'),
('LGBTQ Rights'),
('Liberal Studies'),
('Licensed Clinical Social Worker'),
('Life Cycle'),
('life history'),
('Linear Models'),
('linear trial functions'),
('linguistic anthropologist'),
('linguistic diversity'),
('linguistic theory'),
('linguistic universals'),
('linguistics'),
('literary theory'),
('live animals'),
('lizards'),
('load balancing mechanism'),
('Location of Competitive Facilities'),
('locomotion'),
('Logistics'),
('longevity'),
('low coordinate Nickel Complexes'),
('Low Powered Machine Learning'),
('low valent'),
('Lutheran University'),
('luxury marketing'),
('Luxury Status Signaling'),
('machine learning'),
('Madras University'),
('magnetic compounds'),
('magnetic phenomena'),
('magntitude'),
('Major Histocompatibility Complex'),
('mammalian predator distributions'),
('Management'),
('Management Information Systems'),
('Marcos'),
('marine bacteria'),
('Marine Biotechnology'),
('Marine Coccolithophorid'),
('Marine Laboratory'),
('marine products'),
('marine symbiosis'),
('marital transitions'),
('Market dominance'),
('Market Scoring Rules'),
('marketing'),
('Marketing Communication Effects'),
('Marketing Doctoral Student Association'),
('Marketing Ethnic Faculty Association'),
('marketing pedagogy'),
('marriage'),
('Mary'),
('Marymount University'),
('Masculinities'),
('mass incarceration'),
('mass spectrometry'),
('materials'),
('materials physics'),
('maternal behavior'),
('maternal child health'),
('mathematical modeling'),
('mathematical optimization'),
('matic Reasoning Tool'),
('Max Ascoli'),
('May'),
('Mazzini Society'),
('McGill University'),
('Mechanical Engineering'),
('Mechanics'),
('Mechanism Design'),
('MedGem'),
('Media'),
('Media Arts'),
('media exposure'),
('Media Studies'),
('media violence exposure'),
('Mediatization'),
('Medical'),
('Medical Center'),
('medical imaging'),
('medical social worker'),
('medicalization'),
('Medicinal Chemist'),
('medicinal chemistry'),
('Mediterranean'),
('Mediterranean island'),
('membrane association'),
('memory tests'),
('men'),
('mental health'),
('Mental Health Study'),
('mental states'),
('Mentoring Program'),
('Mesoamerican Barrier Reef'),
('Mesoamerican Barrier Reef System'),
('metabolic responses'),
('Metal Binding'),
('metallomedicines'),
('methods'),
('Mexican American Studies'),
('Mexican fan palm invasion'),
('Mexico'),
('mice'),
('microaggressions'),
('microarray data'),
('Microbial Community Composition'),
('Microbiology'),
('microhabitats'),
('Micrometeorite Hypervelocity impacts'),
('microorganisms'),
('Micropaleontology'),
('microplastics'),
('Middle Ages'),
('Middle Bronze village'),
('Middle East'),
('middle school science curriculum'),
('middle schools'),
('Migration'),
('Migration Studies'),
('Milankovitch cycles'),
('militarization'),
('mindfulness'),
('minority communities'),
('misinformation'),
('missionary histories'),
('Mixed martial arts training'),
('Mixed Methods Research'),
('Mixed Status Families'),
('modeling'),
('Modern Language Studies'),
('modifiable risk factors'),
('Molecular Biology'),
('Molecular Cell Biology'),
('molecular chaperones'),
('molecular gyroscopes'),
('monetary theory'),
('monster studies'),
('mood dysregulation'),
('moral economy'),
('morphological variation'),
('morphology'),
('morphosyntax'),
('Motivations'),
('motor control'),
('motor function'),
('Motor Learning'),
('Movement Anatomy'),
('Movement Sciences'),
('MSW'),
('multilevel interventions'),
('multiple'),
('multiple athletic training setting'),
('multiple family members'),
('multitouch computer input devices'),
('multitouch gestures'),
('Multivariate Analysis'),
('mural projects'),
('murine skin'),
('musculoskeletal design'),
('musculoskeletal differences'),
('musculoskeletal mechanics'),
('musicals'),
('Nafion Films'),
('Naïve Bayes Classifier'),
('Nanoplastics'),
('nanoscience'),
('National Advisory Council'),
('National Cancer Institute'),
('National Fire Protection Association'),
('national history'),
('National Latino Research Center'),
('National Pacific American Leadership Institute'),
('National Taiwan University'),
('National University of Singapore'),
('Nationalism'),
('Native American students'),
('Native California languages'),
('natural products lab'),
('Naval Research Logistics'),
('Neoliberal Neglect'),
('nerve compression injury'),
('Network Economics'),
('Network Security'),
('networked systems'),
('Neural Net'),
('Neural Networks'),
('neural signals'),
('neurological disease'),
('neuromechanical principles'),
('neuromechanical techniques'),
('neuromechanics'),
('neuromotor injury'),
('neuroscience'),
('Neurosecurity'),
('New Orleans'),
('new submit method'),
('News'),
('Newton method'),
('nitrogen deposition'),
('Nitze School'),
('nocturnal warming'),
('non smooth surfaces'),
('Non-science Majors'),
('Nondifferentiable optimization'),
('Nonlinear Integer Programming'),
('nonprofit administration'),
('Norfolk'),
('North American social movements'),
('North County'),
('North County Bridges'),
('North County Times'),
('North San Diego Community'),
('Northern Amazonia'),
('Northern Arizona University'),
('Northwestern University'),
('NovickBio'),
('numerical approximation'),
('numerical solution'),
('Nutrition Education'),
('obesity'),
('obesity prevention'),
('occupational environment'),
('ocean color remote sensing'),
('ocean ecosystems'),
('Oceanography'),
('ochemistry'),
('of Education Community Health program'),
('ogels'),
('ography'),
('Ohio State University'),
('Ohio University'),
('older adults'),
('ology'),
('OM'),
('ome'),
('OMEGA'),
('Online Game System Design'),
('ontology'),
('opera'),
('Operations'),
('Operations Management'),
('optically active compounds'),
('Optimized Neuromorphic Computing'),
('opy'),
('Oregon'),
('Organic Chemistry'),
('organic molecules'),
('organizational development consulting'),
('organizational studies'),
('oring'),
('ors'),
('osmolytes'),
('otechnology'),
('otion'),
('Owyhee Uplands'),
('Oxford University Press'),
('oxidative stress mechanisms'),
('oxygen heterocycles'),
('oxygen isotope abundances'),
('oxygen isotope exchange'),
('oxygen isotopes'),
('Oxygen isotopic composition'),
('Pacific'),
('Pacific coast'),
('Pacific Islander Community Health Study'),
('pain tolerance'),
('Pakaraima Mountains'),
('Palatal'),
('paleoclimatology'),
('Palomar Community College'),
('Pan Asian Communities'),
('Panoptic Governance'),
('Paraguayan Illustrated Press'),
('Parental Scaffolding'),
('parenting behavior'),
('parolee rehabilitation'),
('pastoral mis'),
('pathogenesis'),
('pedagogy'),
('peer relationships'),
('pen'),
('penaid shrimp'),
('Peninsular Literature'),
('Pennsylvania State University'),
('Pepperdine University'),
('peptides'),
('perching'),
('perennial pepperweed invasion'),
('Performance Evaluation'),
('performance measures'),
('performance nutrition specialist'),
('performing arts'),
('personal development'),
('Personal Relationships'),
('personalized browser security'),
('pharmaceutical industries'),
('Phase Variation Events'),
('Philippines'),
('phishing detection'),
('phlebotomist'),
('phonetic variation'),
('phonetics'),
('phosphorescence'),
('photochemical species'),
('photochemistry'),
('Phys'),
('Physical Education'),
('physiological ecology'),
('physiology'),
('Pilates instructor'),
('pilot exercise study'),
('pilot study'),
('pinch strength'),
('planetary science'),
('plant biotechnology'),
('plant metabolomics'),
('plant systematics'),
('plastic pollution'),
('Pod Retrieval'),
('Policy Analysis Center'),
('political ecology'),
('political economy'),
('political philosophy'),
('political science'),
('Political Scientist'),
('politically motivated reasoning'),
('polycystic ovarian syndrome'),
('polygonal boundaries'),
('polygonal surfaces'),
('Polynesia'),
('polypeptides'),
('Pop Culture'),
('Popular Culture'),
('population aging'),
('Population Biology'),
('Porfirian Mexico'),
('portable infrared gas analyzers'),
('positional astronomy'),
('positive psychology'),
('Postcolonial Studies'),
('postdoctoral training'),
('practical application chemistry'),
('predatory songbirds'),
('predictive analytics'),
('predictive power'),
('predictors'),
('pregnant'),
('prenatal yoga'),
('Prenatal Yoga Teacher'),
('press coverage'),
('Preventive Health Care System Design'),
('Price Discovery'),
('Pricing'),
('Primary Care Appointment Systems'),
('primate animal models'),
('prison classroom'),
('private practice patients'),
('probability theory'),
('probation'),
('problem gambling'),
('problem solving courts'),
('Procurement Management'),
('product choice'),
('product cost advantage'),
('Professional Memberships'),
('professional organizations'),
('Program'),
('program development'),
('program evaluation'),
('Programming'),
('Progressive Era'),
('Project Management'),
('Promotion Management'),
('prone padd'),
('Prosocial Marketing'),
('Prospective Control'),
('Prospective History'),
('Protected Areas'),
('protective effects'),
('protein folding'),
('Protestant sex scandals'),
('provenance analysis'),
('Proxy Caches'),
('psychiatric diagnostic supervisor'),
('psychological factors'),
('psychological risk factors'),
('Psychological Services'),
('Psychology'),
('psychosocial functioning'),
('psychosocial measures'),
('PTSD recovery'),
('Public Administration'),
('public choice theory'),
('Public Facilities'),
('Public Health'),
('public health centers'),
('public health guidelines'),
('Public Health Services'),
('public identity work'),
('public law'),
('Public Policy'),
('Public Relations'),
('Public Religion Research Institute'),
('Public Sociology'),
('purchase behavior'),
('quadratic convergence rates'),
('qualitative methodology'),
('quality assurance'),
('quality of life'),
('Quality Scores'),
('quantitative analysis'),
('quantitative Earth System scientist'),
('Quantum Design'),
('queer representations'),
('queerness'),
('Race'),
('racial'),
('racial bias'),
('Racial Profiling'),
('racialization'),
('Radiation Damage'),
('radiosity equation'),
('ranaviruses'),
('Randomness'),
('Rapamycin'),
('RAPD markers'),
('rape crisis counselor'),
('rapid locomotion'),
('rate'),
('raterrestrial Particles'),
('rattlesnakes'),
('ravens'),
('Reading'),
('real software systems'),
('reality'),
('Reason'),
('reasoned interpretation'),
('reasoning'),
('Reasoning Tool'),
('recombinant cyanobacterial'),
('reconfigurable computing'),
('red brome'),
('reflection'),
('reflective practices'),
('regional learning'),
('Regional Planning'),
('Registered'),
('Registration'),
('Regression Tree Prediction Models'),
('Regulation'),
('regulatory support'),
('rehabilitation'),
('Religion'),
('Religion Program'),
('Remarriage'),
('Remote Sensing'),
('remote wellness modules'),
('remotely sensed data'),
('Reproductive'),
('reptile biology'),
('reptile species'),
('Research Images'),
('resilience'),
('Resistance Training'),
('resistive random access memories'),
('resistive switching'),
('Resource Allocation'),
('resource usage'),
('Restoration Workshop'),
('Restorative Justice'),
('Retail Assortment'),
('Retail power'),
('Revenue Management'),
('Reverse Logistics'),
('Reverse Racism'),
('revitalization'),
('Revolution'),
('rewilding'),
('rhesus macaques'),
('ripps Research institute'),
('rising sea temperatures'),
('rks'),
('RNA viruses'),
('Road Safety'),
('Robot Scheduling'),
('robotic devices'),
('Robotic Mobile Fulfillment System'),
('robotics'),
('Robust Spiking Neural Networks'),
('Roche Vitamins'),
('rod'),
('Romania'),
('Romanian heritage speakers'),
('romantic partners'),
('romantic relationships'),
('Rupununi Savannah'),
('rural behavioral health agencies'),
('rural school district'),
('s literature'),
('salmonella'),
('San Diego County'),
('San Diego State University'),
('San Diego Wild Animal Park'),
('San Dieguito River Park'),
('San Francisco State University'),
('satellite algorithm'),
('school accountability'),
('scientific and technical computing'),
('scientific computing'),
('scientific outreach'),
('Second Language Acquisition'),
('secondary trauma'),
('Sections Menu'),
('Secure Features'),
('Secure Mobile Communication System'),
('Security'),
('sedentary individuals'),
('sedimentology'),
('Selective Fluoride Detection'),
('selective trust'),
('semantic dictionary'),
('semiotic resources'),
('sentencing outcomes'),
('service learning'),
('Service System Design'),
('service times'),
('setting'),
('sex work'),
('sexual assault'),
('Sexual Behavior'),
('Sexual Identity'),
('sexual relationships'),
('Sexuality'),
('Sexuality Studies'),
('Shifts'),
('shrikes'),
('silicate melts'),
('silicon double quantum dot'),
('Silicon Quantum Electronics'),
('single molecule dyes'),
('single molecule fluorescence resonance energy transfer'),
('single software systems'),
('skepticism'),
('skill development'),
('skydiving industry'),
('small mammals'),
('small molecule synthesis'),
('snakes'),
('snow remote sensing'),
('Snow Science'),
('Soci'),
('social activism'),
('Social Behavior'),
('Social Behavioral Research Institute'),
('social cognitive development'),
('social constructions'),
('social contexts'),
('Social Control'),
('Social Determinants of Health'),
('social development'),
('social functioning'),
('Social Justice'),
('social justice movements'),
('social life'),
('Social Media'),
('social models'),
('Social Movements'),
('Social Organization'),
('social participation'),
('Social Problems'),
('Social Psychology'),
('Social SciencesMA'),
('social service agencies'),
('social services'),
('social skills'),
('social systems'),
('Social Theory'),
('Social Welfare'),
('social welfare policies'),
('Social Work'),
('social work education'),
('Social Work Futures Lab'),
('social work students'),
('Society'),
('sociolinguistics'),
('Sociological Association'),
('Sociological Mindfulness'),
('Sociological Scholarship'),
('Sociological Theory'),
('Sociology'),
('sociology of knowledge'),
('sociology of law'),
('sociopoetics'),
('software applications'),
('software architectures'),
('software code smell batch ref'),
('Software Engineering'),
('software product'),
('software product lines'),
('software products'),
('software tools'),
('soil organic carbon storage'),
('Solar System'),
('sound patterns'),
('source code'),
('South America'),
('Southeast Asian cinema'),
('southern California drylands'),
('Southwest Asia'),
('Space Weathering'),
('Spark'),
('Speaker Recognition'),
('speaking tempo'),
('special education systems'),
('species distribution'),
('specificity factor'),
('spectral reflectance'),
('spectroscopy'),
('speech evidence'),
('spin reorientation'),
('spinal cord injury'),
('spiritual distress risk screening'),
('spiritual ecology'),
('sport pedagogy'),
('Sports Medicine'),
('squamate reptiles'),
('stability result'),
('stability theory'),
('Staff Association'),
('Stage Management'),
('Standard English Challenge'),
('Stanford University'),
('State of the Art'),
('state physics'),
('state psychiatric hospital'),
('State University'),
('statistical habitat models'),
('statistics'),
('stem cell immunogenetics'),
('Stochastic Demand'),
('stochastic networks'),
('stochastic processes'),
('stochastic processing networks'),
('strategic planning'),
('stratification'),
('straw tracking detector'),
('stress'),
('Stress Physiology'),
('stress proteins'),
('Stress Testing'),
('stressors'),
('structural equations modeling'),
('structural racism'),
('Structured Clinical Interviews'),
('student'),
('Student Attitudes'),
('student club'),
('Student Development Program'),
('student mentoring'),
('student oriented service'),
('Student Success Coaching'),
('Student Support Services'),
('students'),
('Studies'),
('substance abuse'),
('substance use services'),
('substrate specificity factor'),
('Supply Chain Management'),
('Supply Chain Network Design'),
('Supply Competition'),
('survey research methods'),
('sustainability'),
('sustainable development'),
('sustainable economies'),
('Swiss Confederation Postdoctoral Fellow'),
('syncretism'),
('syntactic description'),
('Syntactic variation'),
('Synthesis'),
('synthetic biochemistry'),
('Systems'),
('T cell function'),
('ta'),
('Taoism'),
('Tarahumara Resistance'),
('Tattooing'),
('Taura Syndrome Virus'),
('Teach Scientific Writing'),
('Teacher Licensure Program'),
('teaching'),
('teaching philosophy'),
('team collaboration'),
('Teamb'),
('technical assistance'),
('technological interventions'),
('Technology Management'),
('Teenage Motherhood'),
('Telehealth'),
('Teleritual'),
('Terminal Operations Management'),
('terrestrial ecosystems'),
('Territorialization'),
('test'),
('test1'),
('th'),
('Theology'),
('theory of mind'),
('thin'),
('thorough analysis'),
('time dependent problems'),
('tissue repair'),
('tobacco'),
('tools'),
('touchscreen interaction'),
('Traffic Stops'),
('trans healthcare'),
('transfronterismo'),
('transition metal complexes'),
('transitional tropical forest ecosystems'),
('Translation Studies'),
('translational research'),
('Transnational Feminisms'),
('Transnational Studies'),
('TransPilipinas Anthology'),
('Transportation Science'),
('Transsexual Women'),
('trauma'),
('traumatic stress'),
('treatment mall'),
('Triangle Ranch Conservation Area'),
('tribal communities'),
('Tribal Leadership'),
('Tribal Sovereignty'),
('trust region'),
('Tulane University'),
('Turbulence'),
('TV Drama'),
('type 2 diabetes'),
('typology'),
('UC'),
('UC Berkeley'),
('UC San Diego'),
('ular'),
('ultra high vacuum with electron source'),
('ultrasensative fluorescence microscopes'),
('ulum'),
('Undergraduate Degree Program'),
('undergraduate education'),
('undergraduate majors'),
('undergraduate training'),
('undocumented immigrants'),
('undocumented young adults'),
('UNICEF'),
('union dissolution'),
('United Nations'),
('United States'),
('University'),
('University Ball Committee'),
('University of Notre Dame'),
('University Press of Mississippi'),
('University Service'),
('unreliable sources'),
('UPAC'),
('Upper limb biomechanics'),
('upper limb function'),
('upper limb nerve conduction'),
('Urban Geography'),
('urban policy'),
('ure'),
('ureate Program'),
('US'),
('US Immigration Policy'),
('usable security'),
('USGS'),
('utility corridors'),
('vaccines'),
('Valley blockade'),
('variation'),
('Vector Quantization'),
('vegetation remote sensing'),
('Veracruzano Reef System'),
('vertebrates'),
('veterans'),
('Vias'),
('Video Games'),
('violence exposure'),
('viral pathogenesis'),
('Viral Vaccine Studies'),
('Virginia Commonwealth University'),
('Virology'),
('virtual environments'),
('virtual labs'),
('Virtual Reality'),
('Visual attention'),
('Visual Memory'),
('visual reasoning models'),
('visual representations'),
('visual search'),
('visualization'),
('visualizations'),
('voice quality'),
('Volunteer service'),
('War of the Triple Alliance'),
('War on Drugs'),
('Warehousing Decision Support tools'),
('Water Purification'),
('water supplementation'),
('Wayne State University'),
('Web programming'),
('Web Services Planning'),
('Website fingerprinting'),
('Website Requests'),
('Weight Management'),
('weightlifting coach'),
('welfare fraud diversion'),
('Welfare Reform'),
('western Mediterranean'),
('Western Psychological Association'),
('wine industry'),
('womanist'),
('women'),
('women of color'),
('women\'s health'),
('Women\'s Studies'),
('woody trees'),
('Work'),
('World Health Organization'),
('World Regional Geography'),
('wound healing complications'),
('Yale Divinity School'),
('yoga'),
('young adulthood'),
('young adults'),
('youth participation'),
('ysics'),
('Yucatan Peninsula'),
('Zombie Sociology');

-- --------------------------------------------------------

--
-- Table structure for table `resource`
--

CREATE TABLE `resource` (
  `resource_id` int(200) NOT NULL,
  `resource_name` varchar(200) NOT NULL,
  `resource_desc` varchar(100) DEFAULT NULL,
  `faculty_id` int(200) DEFAULT NULL,
  `keywords` varchar(4000) DEFAULT NULL,
  `active` bit(1) NOT NULL DEFAULT b'1' COMMENT 'used to define if entity is active. Default is TRUE'
) ENGINE=InnoDB DEFAULT CHARSET=utf8;

--
-- Dumping data for table `resource`
--

INSERT INTO `resource` (`resource_id`, `resource_name`, `resource_desc`, `faculty_id`, `keywords`, `active`) VALUES
(1, 'LC/MS (QQQ) and GC-MS', NULL, 144, NULL, b'1'),
(2, 'The garden', NULL, 145, NULL, b'1'),
(3, 'Atomic Force Microscopy based-infrared spectroscopy (AFM-IR) - nanometer spatial resolution; point spectra; height, phase, and IR mapping', NULL, 146, NULL, b'1'),
(4, 'Nitrogen glovebox, air- and moisture-free manipulation of materials', NULL, 106, NULL, b'1');

-- --------------------------------------------------------

--
-- Table structure for table `resource_keyword_relation`
--

CREATE TABLE `resource_keyword_relation` (
  `resource_id` int(200) NOT NULL,
  `keyword` varchar(767) NOT NULL
) ENGINE=InnoDB DEFAULT CHARSET=utf8;

--
-- Dumping data for table `resource_keyword_relation`
--

INSERT INTO `resource_keyword_relation` (`resource_id`, `keyword`) VALUES
(3, 'AFM-IR'),
(3, 'Atomic Force Microscopy'),
(2, 'garden'),
(4, 'glovebox'),
(3, 'infared spectrospocy'),
(1, 'LC/MS (QQQ) and GC-MS'),
(4, 'moisture-free'),
(4, 'Nitrogen Glovebox');

-- --------------------------------------------------------

--
-- Table structure for table `resource_tags`
--

CREATE TABLE `resource_tags` (
  `keyword` varchar(767) NOT NULL
) ENGINE=InnoDB DEFAULT CHARSET=utf8;

--
-- Dumping data for table `resource_tags`
--

INSERT INTO `resource_tags` (`keyword`) VALUES
('AFM-IR'),
('Atomic Force Microscopy'),
('garden'),
('glovebox'),
('infared spectrospocy'),
('LC/MS (QQQ) and GC-MS'),
('moisture-free'),
('Nitrogen Glovebox');

--
-- Indexes for dumped tables
--

--
-- Indexes for table `collaborator`
--
ALTER TABLE `collaborator`
  ADD PRIMARY KEY (`collaborator_id`);

--
-- Indexes for table `collaborator_keyword_relation`
--
ALTER TABLE `collaborator_keyword_relation`
  ADD PRIMARY KEY (`collaborator_id`,`keyword`) USING BTREE,
  ADD KEY `keyword` (`keyword`);

--
-- Indexes for table `collaborator_tags`
--
ALTER TABLE `collaborator_tags`
  ADD PRIMARY KEY (`keyword`);

--
-- Indexes for table `collab_post`
--
ALTER TABLE `collab_post`
  ADD PRIMARY KEY (`post_id`),
  ADD KEY `FK_user_id` (`faculty_id`);

--
-- Indexes for table `collab_post_keyword_relation`
--
ALTER TABLE `collab_post_keyword_relation`
  ADD PRIMARY KEY (`post_id`,`keyword`),
  ADD KEY `keyword` (`keyword`);

--
-- Indexes for table `collab_post_tags`
--
ALTER TABLE `collab_post_tags`
  ADD PRIMARY KEY (`keyword`);

--
-- Indexes for table `college`
--
ALTER TABLE `college`
  ADD PRIMARY KEY (`college_id`),
  ADD UNIQUE KEY `college_name_unique` (`college_name`);

--
-- Indexes for table `department`
--
ALTER TABLE `department`
  ADD PRIMARY KEY (`department_id`),
  ADD UNIQUE KEY `department_name_unique` (`department_name`),
  ADD KEY `fk_college_id` (`college_id`);

--
-- Indexes for table `faculty`
--
ALTER TABLE `faculty`
  ADD PRIMARY KEY (`user_id`),
  ADD KEY `fk_department_id` (`department_id`);

--
-- Indexes for table `faculty_keyword_relation`
--
ALTER TABLE `faculty_keyword_relation`
  ADD PRIMARY KEY (`user_id`,`keyword`),
  ADD KEY `keyword` (`keyword`);

--
-- Indexes for table `faculty_tags`
--
ALTER TABLE `faculty_tags`
  ADD PRIMARY KEY (`keyword`);

--
-- Indexes for table `resource`
--
ALTER TABLE `resource`
  ADD PRIMARY KEY (`resource_id`),
  ADD KEY `fk_faculty_id` (`faculty_id`) USING BTREE;

--
-- Indexes for table `resource_keyword_relation`
--
ALTER TABLE `resource_keyword_relation`
  ADD PRIMARY KEY (`resource_id`,`keyword`),
  ADD KEY `keyword` (`keyword`);

--
-- Indexes for table `resource_tags`
--
ALTER TABLE `resource_tags`
  ADD PRIMARY KEY (`keyword`);

--
-- AUTO_INCREMENT for dumped tables
--

--
-- AUTO_INCREMENT for table `collaborator`
--
ALTER TABLE `collaborator`
  MODIFY `collaborator_id` int(200) NOT NULL AUTO_INCREMENT, AUTO_INCREMENT=7;

--
-- AUTO_INCREMENT for table `collab_post`
--
ALTER TABLE `collab_post`
  MODIFY `post_id` int(11) NOT NULL AUTO_INCREMENT, AUTO_INCREMENT=24;

--
-- AUTO_INCREMENT for table `college`
--
ALTER TABLE `college`
  MODIFY `college_id` int(11) NOT NULL AUTO_INCREMENT, AUTO_INCREMENT=5;

--
-- AUTO_INCREMENT for table `department`
--
ALTER TABLE `department`
  MODIFY `department_id` int(11) NOT NULL AUTO_INCREMENT, AUTO_INCREMENT=34;

--
-- AUTO_INCREMENT for table `faculty`
--
ALTER TABLE `faculty`
  MODIFY `user_id` int(200) NOT NULL AUTO_INCREMENT, AUTO_INCREMENT=154;

--
-- AUTO_INCREMENT for table `resource`
--
ALTER TABLE `resource`
  MODIFY `resource_id` int(200) NOT NULL AUTO_INCREMENT, AUTO_INCREMENT=16;

--
-- Constraints for dumped tables
--

--
-- Constraints for table `collaborator_keyword_relation`
--
ALTER TABLE `collaborator_keyword_relation`
  ADD CONSTRAINT `collaborator_keyword_relation_ibfk_1` FOREIGN KEY (`collaborator_id`) REFERENCES `collaborator` (`collaborator_id`) ON DELETE CASCADE,
  ADD CONSTRAINT `collaborator_keyword_relation_ibfk_2` FOREIGN KEY (`keyword`) REFERENCES `collaborator_tags` (`keyword`);

--
-- Constraints for table `collab_post`
--
ALTER TABLE `collab_post`
  ADD CONSTRAINT `FK_user_id` FOREIGN KEY (`faculty_id`) REFERENCES `faculty` (`user_id`);

--
-- Constraints for table `collab_post_keyword_relation`
--
ALTER TABLE `collab_post_keyword_relation`
  ADD CONSTRAINT `collab_post_keyword_relation_ibfk_1` FOREIGN KEY (`post_id`) REFERENCES `collab_post` (`post_id`) ON DELETE CASCADE,
  ADD CONSTRAINT `collab_post_keyword_relation_ibfk_2` FOREIGN KEY (`keyword`) REFERENCES `collab_post_tags` (`keyword`) ON DELETE CASCADE;

--
-- Constraints for table `department`
--
ALTER TABLE `department`
  ADD CONSTRAINT `fk_college_id` FOREIGN KEY (`college_id`) REFERENCES `college` (`college_id`) ON DELETE SET NULL ON UPDATE CASCADE;

--
-- Constraints for table `faculty`
--
ALTER TABLE `faculty`
  ADD CONSTRAINT `fk_department_id` FOREIGN KEY (`department_id`) REFERENCES `department` (`department_id`) ON DELETE SET NULL ON UPDATE CASCADE;

--
-- Constraints for table `faculty_keyword_relation`
--
ALTER TABLE `faculty_keyword_relation`
  ADD CONSTRAINT `faculty_keyword_relation_ibfk_1` FOREIGN KEY (`user_id`) REFERENCES `faculty` (`user_id`) ON DELETE CASCADE,
  ADD CONSTRAINT `faculty_keyword_relation_ibfk_2` FOREIGN KEY (`keyword`) REFERENCES `faculty_tags` (`keyword`);

--
-- Constraints for table `resource`
--
ALTER TABLE `resource`
  ADD CONSTRAINT `fk_faculty_id` FOREIGN KEY (`faculty_id`) REFERENCES `faculty` (`user_id`) ON DELETE SET NULL ON UPDATE CASCADE;

--
-- Constraints for table `resource_keyword_relation`
--
ALTER TABLE `resource_keyword_relation`
  ADD CONSTRAINT `resource_keyword_relation_ibfk_1` FOREIGN KEY (`resource_id`) REFERENCES `resource` (`resource_id`) ON DELETE CASCADE,
  ADD CONSTRAINT `resource_keyword_relation_ibfk_2` FOREIGN KEY (`keyword`) REFERENCES `resource_tags` (`keyword`);
COMMIT;

/*!40101 SET CHARACTER_SET_CLIENT=@OLD_CHARACTER_SET_CLIENT */;
/*!40101 SET CHARACTER_SET_RESULTS=@OLD_CHARACTER_SET_RESULTS */;
/*!40101 SET COLLATION_CONNECTION=@OLD_COLLATION_CONNECTION */;
